,Treebank,et_ewt-ud-train_Case=Add,et_ewt-ud-test_Case=Add,et_ewt-ud-dev_Case=Add,et_edt-ud-dev_Case=Add,et_edt-ud-train_Case=Add,et_edt-ud-test_Case=Add
0,hu_szeged-ud-dev_Case=Cau,14.824383268861881,14.829107212399283,14.817973737289872,14.757222237374664,14.736266480239893,14.705730014249847
1,hu_szeged-ud-test_Case=Cau,20.467200069771426,20.472124954896284,20.45958376656853,20.401502945836604,20.380485820731234,20.350153943454064
2,hu_szeged-ud-train_Case=Cau,18.750884582745567,18.752854289534262,18.740185908929362,18.670026616948114,18.643764723940997,18.607005600422948
3,egy_ujaen-ud-test_Case=Cau,1.1031249959354035,1.0971739059265513,1.1131093143438395,1.1993603737502958,1.2279528687939976,1.2709256503688648
4,mdf_jr-ud-test_Case=Cau,1.1031249959354035,1.0971739059265513,1.1131093143438395,1.1993603737502958,1.2279528687939976,1.2709256503688648
5,wbp_ufal-ud-test_Case=Cau,1.1031249959354035,1.0971739059265513,1.1131093143438395,1.1993603737502958,1.2279528687939976,1.2709256503688648
6,eu_bdt-ud-train_Case=Cau,1.1031249959354035,1.0971739059265513,1.1131093143438395,1.1993603737502958,1.2279528687939976,1.2709256503688648
7,eu_bdt-ud-test_Case=Cau,1.1031249959354035,1.0971739059265513,1.1131093143438395,1.1993603737502958,1.2279528687939976,1.2709256503688648
8,eu_bdt-ud-dev_Case=Cau,1.1031249959354035,1.0971739059265513,1.1131093143438395,1.1993603737502958,1.2279528687939976,1.2709256503688648
