,Treebank,hi_pud-ud-test_Case=Erg,ess_sli-ud-test_Case=Erg,mr_ufal-ud-dev_Case=Erg,mr_ufal-ud-test_Case=Erg,mr_ufal-ud-train_Case=Erg,wbp_ufal-ud-test_Case=Erg,ka_glc-ud-test_Case=Erg,eu_bdt-ud-train_Case=Erg,eu_bdt-ud-test_Case=Erg,eu_bdt-ud-dev_Case=Erg,gu_gujtb-ud-test_Case=Erg
0,hu_szeged-ud-dev_Case=Del,0.2939723678960656,1.259531560972737,1.259531560972737,1.259531560972737,1.259531560972737,1.259531560972737,1.259531560972737,1.259531560972737,1.259531560972737,1.259531560972737,1.259531560972737
1,hu_szeged-ud-test_Case=Del,0.10649955403405117,1.08869426309121,1.08869426309121,1.08869426309121,1.08869426309121,1.08869426309121,1.08869426309121,1.08869426309121,1.08869426309121,1.08869426309121,1.08869426309121
2,hu_szeged-ud-train_Case=Del,0.28019779169211134,1.2452843148017878,1.2452843148017878,1.2452843148017878,1.2452843148017878,1.2452843148017878,1.2452843148017878,1.2452843148017878,1.2452843148017878,1.2452843148017878,1.2452843148017878
