,Treebank,urb_tudet-ud-test_Case=Aff,_Case=Aff
0,ml_ufal-ud-test_Case=Ben,22.58317958127243,1.0
1,egy_ujaen-ud-test_Case=Ben,22.561028345356956,0.0
2,si_stb-ud-test_Case=Ben,22.561028345356956,0.0
3,ta_mwtt-ud-test_Case=Ben,22.58317958127243,1.0
4,eu_bdt-ud-train_Case=Ben,22.58913644679545,1.2595815691740142
5,eu_bdt-ud-test_Case=Ben,22.601076124275778,1.573311362056255
6,eu_bdt-ud-dev_Case=Ben,22.59037980016208,1.425181345833614
7,am_att-ud-test_Case=Ben,22.561028345356956,0.0
8,ab_abnc-ud-test_Case=Ben,22.58317958127243,1.0
