,Treebank,ess_sli-ud-test_Case=Per,tpn_tudet-ud-test_Case=Per,wbp_ufal-ud-test_Case=Per
0,mdf_jr-ud-test_Case=Prl,0.45643546458763845,1.5229722402080887,1.5229722402080887
1,myv_jr-ud-test_Case=Prl,0.6229131828219189,1.7831678272108882,1.7831678272108882
2,myv_jr-ud-train_Case=Prl,0.5891452701850635,1.7493866919943548,1.7493866919943548
3,kpv_ikdp-ud-test_Case=Prl,1.3743685418725535,0.0,0.0
4,kpv_lattice-ud-test_Case=Prl,1.2047360245667467,2.358495283014151,2.358495283014151
5,koi_uh-ud-test_Case=Prl,0.4714045207910316,1.0,1.0
