,Treebank,hu_szeged-ud-dev_Case=Dis,hu_szeged-ud-test_Case=Dis,hu_szeged-ud-train_Case=Dis
0,ml_ufal-ud-test_Case=Ben,1.224744871391589,1.0,1.0
1,egy_ujaen-ud-test_Case=Ben,0.7071067811865476,0.0,0.0
2,si_stb-ud-test_Case=Ben,0.7071067811865476,0.0,0.0
3,ta_mwtt-ud-test_Case=Ben,1.224744871391589,1.0,1.0
4,eu_bdt-ud-train_Case=Ben,1.4444880509726872,1.2595815691740142,1.2595815691740142
5,eu_bdt-ud-test_Case=Ben,1.708728499914411,1.573311362056255,1.573311362056255
6,eu_bdt-ud-dev_Case=Ben,1.5909562748586497,1.425181345833614,1.425181345833614
7,am_att-ud-test_Case=Ben,0.7071067811865476,0.0,0.0
8,ab_abnc-ud-test_Case=Ben,1.224744871391589,1.0,1.0
