,Treebank,mdf_jr-ud-test_Case=Prl,myv_jr-ud-test_Case=Prl,myv_jr-ud-train_Case=Prl,kpv_ikdp-ud-test_Case=Prl,kpv_lattice-ud-test_Case=Prl,koi_uh-ud-test_Case=Prl
0,kpv_ikdp-ud-test_Case=Egr,3.327077462946188,3.1245833055518513,3.1101860111468254,4.58257569495584,2.75,3.7416573867739413
1,kpv_lattice-ud-test_Case=Egr,8.985327546122685,8.753124442163495,8.774727213372202,10.36822067666386,8.26513762740827,9.460443964212251
2,kpv_lattice-ud-train_Case=Egr,1.5229722402080887,1.7831678272108882,1.7493866919943548,0.0,2.358495283014151,1.0
3,koi_uh-ud-train_Case=Egr,1.5229722402080887,1.7831678272108882,1.7493866919943548,0.0,2.358495283014151,1.0
4,koi_uh-ud-test_Case=Egr,1.5229722402080887,1.7831678272108882,1.7493866919943548,0.0,2.358495283014151,1.0
