,Treebank,kpv_ikdp-ud-test_Case=Adp,kpv_lattice-ud-test_Case=Adp
0,hu_szeged-ud-dev_Case=Dis,1.5456030825826172,1.6703293088490065
1,hu_szeged-ud-test_Case=Dis,1.3743685418725535,1.5132745950421556
2,hu_szeged-ud-train_Case=Dis,1.3743685418725535,1.5132745950421556
