,Treebank,kpv_lattice-ud-test_Case=Apr,koi_uh-ud-test_Case=Apr
0,hu_szeged-ud-dev_Case=Cau,15.676415406590882,15.652475842498529
1,hu_szeged-ud-test_Case=Cau,21.017849556983702,21.283796653792763
2,hu_szeged-ud-train_Case=Cau,19.474342094150447,19.697715603592208
3,egy_ujaen-ud-test_Case=Cau,5.545268253204709,0.0
4,mdf_jr-ud-test_Case=Cau,5.545268253204709,0.0
5,wbp_ufal-ud-test_Case=Cau,5.545268253204709,0.0
6,eu_bdt-ud-train_Case=Cau,5.545268253204709,0.0
7,eu_bdt-ud-test_Case=Cau,5.545268253204709,0.0
8,eu_bdt-ud-dev_Case=Cau,5.545268253204709,0.0
