,Treebank,hi_pud-ud-test_Case=Erg,ess_sli-ud-test_Case=Erg,mr_ufal-ud-dev_Case=Erg,mr_ufal-ud-test_Case=Erg,mr_ufal-ud-train_Case=Erg,wbp_ufal-ud-test_Case=Erg,ka_glc-ud-test_Case=Erg,eu_bdt-ud-train_Case=Erg,eu_bdt-ud-test_Case=Erg,eu_bdt-ud-dev_Case=Erg,gu_gujtb-ud-test_Case=Erg
0,hu_szeged-ud-dev_Case=Sup,0.08635054556386229,1.0734914778194846,1.0734914778194846,1.0734914778194846,1.0734914778194846,1.0734914778194846,1.0734914778194846,1.0734914778194846,1.0734914778194846,1.0734914778194846,1.0734914778194846
1,hu_szeged-ud-test_Case=Sup,0.17786456215091254,1.1623597751615378,1.1623597751615378,1.1623597751615378,1.1623597751615378,1.1623597751615378,1.1623597751615378,1.1623597751615378,1.1623597751615378,1.1623597751615378,1.1623597751615378
2,hu_szeged-ud-train_Case=Sup,0.2125409675855333,1.1940437448107284,1.1940437448107284,1.1940437448107284,1.1940437448107284,1.1940437448107284,1.1940437448107284,1.1940437448107284,1.1940437448107284,1.1940437448107284,1.1940437448107284
3,egy_ujaen-ud-test_Case=Sup,1.0,0.0,0.0,0.0,0.0,0.0,0.0,0.0,0.0,0.0,0.0
