,Treebank,kpv_lattice-ud-test_Case=Apr,koi_uh-ud-test_Case=Apr
0,mdf_jr-ud-test_Case=Prl,5.710613899670605,1.5229722402080887
1,myv_jr-ud-test_Case=Prl,5.754753469958552,1.7831678272108882
2,myv_jr-ud-train_Case=Prl,5.740689426231794,1.7493866919943548
3,kpv_ikdp-ud-test_Case=Prl,5.545268253204709,0.0
4,kpv_lattice-ud-test_Case=Prl,5.900211860602973,2.358495283014151
5,koi_uh-ud-test_Case=Prl,5.634713834792322,1.0
