,Treebank,fi_ood-ud-test_Case=Abe,sms_giellagas-ud-test_Case=Abe,sms_giellagas-ud-train_Case=Abe,et_ewt-ud-train_Case=Abe,et_ewt-ud-test_Case=Abe,et_ewt-ud-dev_Case=Abe,gub_tudet-ud-test_Case=Abe,olo_kkpp-ud-test_Case=Abe,olo_kkpp-ud-train_Case=Abe,mdf_jr-ud-test_Case=Abe,fi_tdt-ud-train_Case=Abe,fi_tdt-ud-test_Case=Abe,fi_tdt-ud-dev_Case=Abe,myv_jr-ud-test_Case=Abe,myv_jr-ud-train_Case=Abe,kpv_ikdp-ud-test_Case=Abe,kpv_lattice-ud-test_Case=Abe,fi_pud-ud-test_Case=Abe,et_edt-ud-dev_Case=Abe,et_edt-ud-train_Case=Abe,et_edt-ud-test_Case=Abe,koi_uh-ud-test_Case=Abe,sme_giella-ud-train_Case=Abe,sme_giella-ud-test_Case=Abe,arr_tudet-ud-test_Case=Abe,krl_kkpp-ud-test_Case=Abe,fi_ftb-ud-dev_Case=Abe,fi_ftb-ud-train_Case=Abe,fi_ftb-ud-test_Case=Abe,ab_abnc-ud-test_Case=Abe
0,si_stb-ud-test_Case=Cns,4.109609335312651,3.7416573867739413,4.58257569495584,2.9408376488846684,7.745966692414835,4.58257569495584,2.449489742783178,4.58257569495584,4.58257569495584,3.391164991562634,8.917056066263623,6.164414002968976,2.82842712474619,3.298484500494128,3.331972511340172,3.7416573867739413,2.748737083745107,3.1622776601683795,2.63288791357173,2.878417839056441,2.8939592256975564,3.082207001484488,4.58257569495584,4.58257569495584,3.7416573867739413,3.1622776601683795,4.58257569495584,4.58257569495584,4.58257569495584,3.7416573867739413
1,kpv_lattice-ud-test_Case=Cns,6.6248689714505975,1.0,0.0,4.723895928549249,10.661457061146319,0.0,2.23606797749979,0.0,0.0,1.5811388300841898,12.021392967908872,9.0,3.3166247903554,1.6370705543744901,1.6350747346085137,1.0,2.6246692913372702,2.23606797749979,3.7916412290559007,4.787656304765619,4.286607049870562,2.1213203435596424,0.0,0.0,1.0,2.23606797749979,0.0,0.0,0.0,1.0
2,wbp_ufal-ud-test_Case=Cns,6.6248689714505975,1.0,0.0,4.723895928549249,10.661457061146319,0.0,2.23606797749979,0.0,0.0,1.5811388300841898,12.021392967908872,9.0,3.3166247903554,1.6370705543744901,1.6350747346085137,1.0,2.6246692913372702,2.23606797749979,3.7916412290559007,4.787656304765619,4.286607049870562,2.1213203435596424,0.0,0.0,1.0,2.23606797749979,0.0,0.0,0.0,1.0
