,Treebank,sah_yktdt-ud-test_Case=Cmp,ml_ufal-ud-test_Case=Cmp,egy_ujaen-ud-test_Case=Cmp,mdf_jr-ud-test_Case=Cmp,myv_jr-ud-test_Case=Cmp,myv_jr-ud-train_Case=Cmp,kpv_lattice-ud-test_Case=Cmp,sjo_xdt-ud-test_Case=Cmp,koi_uh-ud-train_Case=Cmp,gu_gujtb-ud-test_Case=Cmp
0,kpv_ikdp-ud-test_Case=Adp,0.4714045207910316,1.247219128924647,1.3743685418725535,1.3743685418725535,1.3743685418725535,11.728408057172787,1.3743685418725535,9.67241208569794,1.3743685418725535,0.4714045207910316
1,kpv_lattice-ud-test_Case=Adp,0.5385164807134505,1.1357816691600546,1.5132745950421556,1.5132745950421556,1.5132745950421556,11.58835622510803,1.5132745950421556,9.554580053565934,1.5132745950421556,0.5385164807134505
