,Treebank,hu_szeged-ud-dev_Case=Abs,hu_szeged-ud-test_Case=Abs,hu_szeged-ud-train_Case=Abs,ess_sli-ud-test_Case=Abs,hit_hittb-ud-test_Case=Abs,mr_ufal-ud-dev_Case=Abs,mr_ufal-ud-test_Case=Abs,mr_ufal-ud-train_Case=Abs,wbp_ufal-ud-test_Case=Abs,nhi_itml-ud-test_Case=Abs,azz_itml-ud-test_Case=Abs,eu_bdt-ud-train_Case=Abs,eu_bdt-ud-test_Case=Abs,eu_bdt-ud-dev_Case=Abs,gu_gujtb-ud-test_Case=Abs
0,hu_szeged-ud-dev_Case=Del,0.2101884045119678,0.24452511967384566,0.1526544538418098,1.259531560972737,1.259531560972737,1.259531560972737,1.259531560972737,86.04861531443062,1.259531560972737,20.586013470735022,6.419931485786041,39.56334221623137,39.47473950270401,30.864540669006693,1.259531560972737
1,hu_szeged-ud-test_Case=Del,0.25116703344375113,0.09898761596621232,0.08870760675501571,1.08869426309121,1.08869426309121,1.08869426309121,1.08869426309121,86.19297380563776,1.08869426309121,20.733349519682164,6.583373812418924,39.71996586203936,39.63072015813865,31.02111726624502,1.08869426309121
2,hu_szeged-ud-train_Case=Del,0.19696565004907626,0.23242275205103466,0.13638020334926002,1.2452843148017878,1.2452843148017878,1.2452843148017878,1.2452843148017878,86.06632235744596,1.2452843148017878,20.598261755441378,6.432695314059833,39.576555784040934,39.48790661586585,30.87777651533701,1.2452843148017878
