,Treebank,mdf_jr-ud-test_Case=Prl,myv_jr-ud-test_Case=Prl,myv_jr-ud-train_Case=Prl,kpv_ikdp-ud-test_Case=Prl,kpv_lattice-ud-test_Case=Prl,koi_uh-ud-test_Case=Prl
0,hu_szeged-ud-dev_Case=Sup,0.504417578051835,0.7599621486915084,0.7381749887105782,1.0734914778194846,1.3743351106732744,0.08635054556386229
1,hu_szeged-ud-test_Case=Sup,0.43678292204212177,0.6800593429080606,0.6637438578546806,1.1623597751615378,1.301856461716721,0.17786456215091254
2,hu_szeged-ud-train_Case=Sup,0.41712986541434954,0.6566355189430073,0.6404810546279731,1.1940437448107284,1.2774839180505966,0.2125409675855333
3,egy_ujaen-ud-test_Case=Sup,1.5229722402080887,1.7831678272108882,1.7493866919943548,0.0,2.358495283014151,1.0
