,Treebank,hu_szeged-ud-dev_Case=All,hu_szeged-ud-test_Case=All,hu_szeged-ud-train_Case=All,fi_ood-ud-test_Case=All,ess_sli-ud-test_Case=All,hit_hittb-ud-test_Case=All,et_ewt-ud-train_Case=All,et_ewt-ud-test_Case=All,et_ewt-ud-dev_Case=All,ml_ufal-ud-test_Case=All,egy_ujaen-ud-test_Case=All,olo_kkpp-ud-test_Case=All,olo_kkpp-ud-train_Case=All,vep_vwt-ud-test_Case=All,fi_tdt-ud-train_Case=All,fi_tdt-ud-test_Case=All,fi_tdt-ud-dev_Case=All,tpn_tudet-ud-test_Case=All,fi_pud-ud-test_Case=All,et_edt-ud-dev_Case=All,et_edt-ud-train_Case=All,et_edt-ud-test_Case=All,wbp_ufal-ud-test_Case=All,arr_tudet-ud-test_Case=All,gn_oldtudet-ud-test_Case=All,eu_bdt-ud-train_Case=All,eu_bdt-ud-test_Case=All,eu_bdt-ud-dev_Case=All,fi_ftb-ud-dev_Case=All,fi_ftb-ud-train_Case=All,fi_ftb-ud-test_Case=All,eme_tudet-ud-test_Case=All,aqz_tudet-ud-test_Case=All,gu_gujtb-ud-test_Case=All
0,kpv_ikdp-ud-test_Case=Prp,0.3201992971410781,0.2525381361380526,0.2554424522554568,0.5188594036020282,40.66939881532551,0.0,0.4135739305083116,0.48805270012001417,0.41099049492265494,3.7416573867739413,1.0,0.385694607919935,0.7071067811865476,0.2494438257849294,0.7724230274778555,0.7882942006460393,0.4151634935508502,0.97182531580755,0.672122791120522,0.47461381660835733,0.5196223649859801,0.5933548207347986,0.0,0.7071067811865476,0.7071067811865476,0.5592645240894408,0.6071202857114182,0.6889388934884743,1.0,1.0,1.0,0.3812200410828154,1.681416216713506,0.0
1,kpv_lattice-ud-test_Case=Prp,20.483971627290092,20.51809803414477,20.528422444001798,20.234930718625566,33.03028912982749,20.71231517720798,20.355606866315632,20.32961488345645,20.361394571960737,17.175564037317667,21.494185260204677,20.504182197866506,20.334699407662754,20.558750502455695,20.01457550155988,20.008900560108824,20.336708618936438,20.08177725645262,20.109865837476356,20.30933268322752,20.24488974584905,20.162920777782055,20.71231517720798,20.334699407662754,20.334699407662754,20.298625185774,20.301935746162787,20.187786131000923,21.494185260204677,21.494185260204677,21.494185260204677,20.487400128221267,19.472043904715306,20.71231517720798
