,Treebank,kpv_ikdp-ud-test_Case=Egr,kpv_lattice-ud-test_Case=Egr,kpv_lattice-ud-train_Case=Egr,koi_uh-ud-train_Case=Egr,koi_uh-ud-test_Case=Egr
0,kpv_ikdp-ud-test_Case=Adp,3.4960294939005054,9.168181692983378,1.3743685418725535,1.3743685418725535,1.3743685418725535
1,kpv_lattice-ud-test_Case=Adp,3.3600595232822883,9.0160967164289,1.5132745950421556,1.5132745950421556,1.5132745950421556
