,Treebank,et_ewt-ud-train_Case=Add,et_ewt-ud-test_Case=Add,et_ewt-ud-dev_Case=Add,et_edt-ud-dev_Case=Add,et_edt-ud-train_Case=Add,et_edt-ud-test_Case=Add
0,urb_tudet-ud-test_Case=Aff,22.583620503800713,22.582838893674424,22.584535296700288,22.5817538770412,22.581700653674627,22.582918876481365
1,_Case=Aff,1.1031249959354035,1.0971739059265513,1.1131093143438395,1.1993603737502958,1.2279528687939976,1.2709256503688648
