,Treebank,hu_szeged-ud-dev_Case=Ade,hu_szeged-ud-test_Case=Ade,hu_szeged-ud-train_Case=Ade,fi_ood-ud-test_Case=Ade,et_ewt-ud-train_Case=Ade,et_ewt-ud-test_Case=Ade,et_ewt-ud-dev_Case=Ade,olo_kkpp-ud-test_Case=Ade,vep_vwt-ud-test_Case=Ade,fi_tdt-ud-train_Case=Ade,fi_tdt-ud-test_Case=Ade,fi_tdt-ud-dev_Case=Ade,fi_pud-ud-test_Case=Ade,et_edt-ud-dev_Case=Ade,et_edt-ud-train_Case=Ade,et_edt-ud-test_Case=Ade,krl_kkpp-ud-test_Case=Ade,fi_ftb-ud-dev_Case=Ade,fi_ftb-ud-train_Case=Ade,fi_ftb-ud-test_Case=Ade
0,hu_szeged-ud-dev_Case=Del,0.2709223500434883,0.14661296408896107,0.19228964777640867,0.5864572460499143,0.6979339627961116,0.6792506839779566,0.9898871366018839,0.7956440694881851,0.4683830868523998,0.9236788384724142,0.9432887593261805,0.9603749162924805,1.181942283199121,0.5756501499177331,0.6074039706473603,0.48413070053909546,0.40503885225545927,1.259531560972737,1.259531560972737,1.259531560972737
1,hu_szeged-ud-test_Case=Del,0.3479322188623746,0.2521260034508328,0.25072673200097073,0.724619786264993,0.8388565120059579,0.8148559239084047,1.121949657142854,0.9628892544694923,0.6134082582109046,1.073285589849331,1.1038983176702803,1.1102677234134295,1.334949790029252,0.7133111930528301,0.7425570760153347,0.6093525439975612,0.559610271857252,1.08869426309121,1.08869426309121,1.08869426309121
2,hu_szeged-ud-train_Case=Del,0.2559100801762261,0.14140957192468775,0.18976512448059524,0.5980607779601104,0.7094414760151395,0.6906819562115847,1.0014148940990726,0.8071284434141323,0.47860877345143943,0.9362976145141235,0.956253120560926,0.972624455179802,1.1954442279214161,0.5868796181072327,0.6186490973516638,0.494542761468131,0.4175843482289565,1.2452843148017878,1.2452843148017878,1.2452843148017878
