,Treebank,fi_ood-ud-test_Case=Abe,sms_giellagas-ud-test_Case=Abe,sms_giellagas-ud-train_Case=Abe,et_ewt-ud-train_Case=Abe,et_ewt-ud-test_Case=Abe,et_ewt-ud-dev_Case=Abe,gub_tudet-ud-test_Case=Abe,olo_kkpp-ud-test_Case=Abe,olo_kkpp-ud-train_Case=Abe,mdf_jr-ud-test_Case=Abe,fi_tdt-ud-train_Case=Abe,fi_tdt-ud-test_Case=Abe,fi_tdt-ud-dev_Case=Abe,myv_jr-ud-test_Case=Abe,myv_jr-ud-train_Case=Abe,kpv_ikdp-ud-test_Case=Abe,kpv_lattice-ud-test_Case=Abe,fi_pud-ud-test_Case=Abe,et_edt-ud-dev_Case=Abe,et_edt-ud-train_Case=Abe,et_edt-ud-test_Case=Abe,koi_uh-ud-test_Case=Abe,sme_giella-ud-train_Case=Abe,sme_giella-ud-test_Case=Abe,arr_tudet-ud-test_Case=Abe,krl_kkpp-ud-test_Case=Abe,fi_ftb-ud-dev_Case=Abe,fi_ftb-ud-train_Case=Abe,fi_ftb-ud-test_Case=Abe,ab_abnc-ud-test_Case=Abe
0,hu_szeged-ud-dev_Case=Dis,6.662498697102229,1.224744871391589,0.7071067811865476,4.776525174618487,10.684880283216405,0.7071067811865476,2.345207879911715,0.7071067811865476,0.7071067811865476,1.7320508075688772,12.042171269704184,9.027735042633894,3.391164991562634,1.783255450012701,1.781423416191418,1.224744871391589,2.7182510717166815,2.345207879911715,3.857012212824396,4.8386529100020255,4.344536799245692,2.23606797749979,0.7071067811865476,0.7071067811865476,1.224744871391589,2.345207879911715,0.7071067811865476,0.7071067811865476,0.7071067811865476,1.224744871391589
1,hu_szeged-ud-test_Case=Dis,6.6248689714505975,1.0,0.0,4.723895928549249,10.661457061146319,0.0,2.23606797749979,0.0,0.0,1.5811388300841898,12.021392967908872,9.0,3.3166247903554,1.6370705543744901,1.6350747346085137,1.0,2.6246692913372702,2.23606797749979,3.7916412290559007,4.787656304765619,4.286607049870562,2.1213203435596424,0.0,0.0,1.0,2.23606797749979,0.0,0.0,0.0,1.0
2,hu_szeged-ud-train_Case=Dis,6.6248689714505975,1.0,0.0,4.723895928549249,10.661457061146319,0.0,2.23606797749979,0.0,0.0,1.5811388300841898,12.021392967908872,9.0,3.3166247903554,1.6370705543744901,1.6350747346085137,1.0,2.6246692913372702,2.23606797749979,3.7916412290559007,4.787656304765619,4.286607049870562,2.1213203435596424,0.0,0.0,1.0,2.23606797749979,0.0,0.0,0.0,1.0
