,Treebank,hu_szeged-ud-dev_Case=Ter,hu_szeged-ud-test_Case=Ter,hu_szeged-ud-train_Case=Ter,et_ewt-ud-train_Case=Ter,et_ewt-ud-test_Case=Ter,et_ewt-ud-dev_Case=Ter,olo_kkpp-ud-test_Case=Ter,vep_vwt-ud-test_Case=Ter,kpv_ikdp-ud-test_Case=Ter,kpv_lattice-ud-test_Case=Ter,et_edt-ud-dev_Case=Ter,et_edt-ud-train_Case=Ter,et_edt-ud-test_Case=Ter,ab_abnc-ud-test_Case=Ter,gu_gujtb-ud-test_Case=Ter
0,hu_szeged-ud-dev_Case=Del,0.2721655269759087,0.2939723678960656,0.1789458156489601,0.3140732005578349,0.2939723678960656,0.25772030010540453,1.259531560972737,0.2939723678960656,1.259531560972737,2.258323536445407,0.17915382957791162,0.15204999554142878,0.20622932310033185,0.2939723678960656,0.2939723678960656
1,hu_szeged-ud-test_Case=Del,0.4427082239375346,0.10649955403405117,0.10141692030636527,0.4301602110648599,0.30473577758426496,0.23782251010743208,1.3555180233147737,0.10649955403405117,1.3555180233147737,2.4094575944522774,0.12058243387397248,0.18173672156260612,0.23726502821159792,0.10649955403405117,0.10649955403405117
2,hu_szeged-ud-train_Case=Del,0.3014240890862597,0.28019779169211134,0.15150989048105165,0.3212989646596422,0.2923272941645721,0.25311333039706024,1.2673944059553497,0.28019779169211134,1.2673944059553497,2.271470132338597,0.1694376223258485,0.1466388454479996,0.20346166921514883,0.28019779169211134,0.28019779169211134
