,Treebank,hu_szeged-ud-dev_Case=Ter,hu_szeged-ud-test_Case=Ter,hu_szeged-ud-train_Case=Ter,et_ewt-ud-train_Case=Ter,et_ewt-ud-test_Case=Ter,et_ewt-ud-dev_Case=Ter,olo_kkpp-ud-test_Case=Ter,vep_vwt-ud-test_Case=Ter,kpv_ikdp-ud-test_Case=Ter,kpv_lattice-ud-test_Case=Ter,et_edt-ud-dev_Case=Ter,et_edt-ud-train_Case=Ter,et_edt-ud-test_Case=Ter,ab_abnc-ud-test_Case=Ter,gu_gujtb-ud-test_Case=Ter
0,kmr_mg-ud-train_Case=Con,10.655303553966,11.062323444918793,10.946048246843343,10.584894897919394,10.816653826391969,10.82843478994079,10.216408370851275,11.062323444918793,10.216408370851275,9.040018737564111,10.894383938808357,10.823131636105098,10.789709525646586,11.062323444918793,11.062323444918793
1,kmr_mg-ud-test_Case=Con,8.601558870744508,9.000443983578798,8.886520897487099,8.511992351932067,8.766317377821377,8.746993181188536,8.175133602565033,9.000443983578798,8.17691913253885,7.013793836617709,8.826546885553883,8.754409236146437,8.714044372226523,9.000443983578798,9.000443983578798
