,Treebank,kpv_ikdp-ud-test_Case=Egr,kpv_lattice-ud-test_Case=Egr,kpv_lattice-ud-train_Case=Egr,koi_uh-ud-train_Case=Egr,koi_uh-ud-test_Case=Egr
0,hu_szeged-ud-dev_Case=Del,3.5477344535754676,9.236267751386846,1.259531560972737,1.259531560972737,1.259531560972737
1,hu_szeged-ud-test_Case=Del,3.6728194925118047,9.382594592405889,1.08869426309121,1.08869426309121,1.08869426309121
2,hu_szeged-ud-train_Case=Del,3.558348512414498,9.249363925410837,1.2452843148017878,1.2452843148017878,1.2452843148017878
