,Treebank,hu_szeged-ud-dev_Case=Cau,hu_szeged-ud-test_Case=Cau,hu_szeged-ud-train_Case=Cau,egy_ujaen-ud-test_Case=Cau,mdf_jr-ud-test_Case=Cau,wbp_ufal-ud-test_Case=Cau,eu_bdt-ud-train_Case=Cau,eu_bdt-ud-test_Case=Cau,eu_bdt-ud-dev_Case=Cau
0,si_stb-ud-test_Case=Cns,13.038404810405298,18.601075237738275,16.522711641858304,4.58257569495584,4.58257569495584,4.58257569495584,4.58257569495584,4.58257569495584,4.58257569495584
1,kpv_lattice-ud-test_Case=Cns,15.652475842498529,21.283796653792763,19.697715603592208,0.0,0.0,0.0,0.0,0.0,0.0
2,wbp_ufal-ud-test_Case=Cns,15.652475842498529,21.283796653792763,19.697715603592208,0.0,0.0,0.0,0.0,0.0,0.0
