,Treebank,kpv_ikdp-ud-test_Case=Egr,kpv_lattice-ud-test_Case=Egr,kpv_lattice-ud-train_Case=Egr,koi_uh-ud-train_Case=Egr,koi_uh-ud-test_Case=Egr
0,ml_ufal-ud-test_Case=Ben,3.7416573867739413,9.460443964212251,1.0,1.0,1.0
1,egy_ujaen-ud-test_Case=Ben,4.58257569495584,10.36822067666386,0.0,0.0,0.0
2,si_stb-ud-test_Case=Ben,4.58257569495584,10.36822067666386,0.0,0.0,0.0
3,ta_mwtt-ud-test_Case=Ben,3.7416573867739413,9.460443964212251,1.0,1.0,1.0
4,eu_bdt-ud-train_Case=Ben,3.543275278278113,9.231977191926983,1.2595815691740142,1.2595815691740142,1.2595815691740142
5,eu_bdt-ud-test_Case=Ben,3.3212744839189163,8.955307413159948,1.573311362056255,1.573311362056255,1.573311362056255
6,eu_bdt-ud-dev_Case=Ben,3.425934065543773,9.08790214504557,1.425181345833614,1.425181345833614,1.425181345833614
7,am_att-ud-test_Case=Ben,4.58257569495584,10.36822067666386,0.0,0.0,0.0
8,ab_abnc-ud-test_Case=Ben,3.7416573867739413,9.460443964212251,1.0,1.0,1.0
