,Treebank,hu_szeged-ud-dev_Case=Tra,hu_szeged-ud-test_Case=Tra,hu_szeged-ud-train_Case=Tra,fi_ood-ud-test_Case=Tra,et_ewt-ud-train_Case=Tra,et_ewt-ud-test_Case=Tra,et_ewt-ud-dev_Case=Tra,gub_tudet-ud-test_Case=Tra,olo_kkpp-ud-test_Case=Tra,mdf_jr-ud-test_Case=Tra,vep_vwt-ud-test_Case=Tra,fi_tdt-ud-train_Case=Tra,fi_tdt-ud-test_Case=Tra,fi_tdt-ud-dev_Case=Tra,myv_jr-ud-test_Case=Tra,myv_jr-ud-train_Case=Tra,kpv_ikdp-ud-test_Case=Tra,kpv_lattice-ud-test_Case=Tra,tpn_tudet-ud-test_Case=Tra,fi_pud-ud-test_Case=Tra,et_edt-ud-dev_Case=Tra,et_edt-ud-train_Case=Tra,et_edt-ud-test_Case=Tra,krl_kkpp-ud-test_Case=Tra,fi_ftb-ud-dev_Case=Tra,fi_ftb-ud-train_Case=Tra,fi_ftb-ud-test_Case=Tra,eme_tudet-ud-test_Case=Tra,aqz_tudet-ud-test_Case=Tra
0,kmr_mg-ud-train_Case=Con,10.605128476355201,10.912531023247235,10.954332476239708,9.054293559788373,8.719489078834744,8.663051967277761,8.200133383061521,11.973930014828047,10.307887805967242,8.762491084160942,9.506576670915772,8.327140077480268,7.235421989141114,7.97961151936609,7.743499006231236,6.46645188646757,11.973930014828047,11.973930014828047,10.646347418648904,6.000946894979461,8.210673863286509,8.410651261714357,8.958717752673381,10.764811788392128,11.973930014828047,11.973930014828047,11.973930014828047,9.873955640977934,11.973930014828047
1,kmr_mg-ud-test_Case=Con,8.552623126240041,8.852042758668558,8.893417433886963,7.043397495800196,6.757741472568734,6.68122057873593,6.367844963135682,9.907268912419791,8.257157015793654,6.770077542446382,7.531003990081273,6.303304822105275,5.270721504951294,5.950259327300257,5.937649744440392,6.421323334126211,9.907268912419791,9.907268912419791,8.581854088949918,4.958155614469248,6.279519426248958,6.440052863273777,6.950423768413941,8.70588008381851,9.907268912419791,9.907268912419791,9.907268912419791,7.860431671487496,9.907268912419791
