,Treebank,hu_szeged-ud-dev_Case=Abs,hu_szeged-ud-test_Case=Abs,hu_szeged-ud-train_Case=Abs,ess_sli-ud-test_Case=Abs,hit_hittb-ud-test_Case=Abs,mr_ufal-ud-dev_Case=Abs,mr_ufal-ud-test_Case=Abs,mr_ufal-ud-train_Case=Abs,wbp_ufal-ud-test_Case=Abs,nhi_itml-ud-test_Case=Abs,azz_itml-ud-test_Case=Abs,eu_bdt-ud-train_Case=Abs,eu_bdt-ud-test_Case=Abs,eu_bdt-ud-dev_Case=Abs,gu_gujtb-ud-test_Case=Abs
0,ess_sli-ud-test_Case=Per,0.37360084866478643,0.4275213333470017,0.4146400417640058,1.3743685418725535,1.3743685418725535,1.3743685418725535,1.3743685418725535,85.98966346150114,1.3743685418725535,20.519788702495493,6.370567241943766,39.49557878475564,39.4065503344409,30.797517337345354,1.3743685418725535
1,tpn_tudet-ud-test_Case=Per,1.2824305436059895,1.0796668344321692,1.1213369028548654,0.0,0.0,0.0,0.0,87.14929718592113,0.0,21.703103265616754,7.607222967012422,40.741182744764195,40.65127036035156,32.04328476137671,0.0
2,wbp_ufal-ud-test_Case=Per,1.2824305436059895,1.0796668344321692,1.1213369028548654,0.0,0.0,0.0,0.0,87.14929718592113,0.0,21.703103265616754,7.607222967012422,40.741182744764195,40.65127036035156,32.04328476137671,0.0
