,Treebank,sah_yktdt-ud-test_Case=Cmp,ml_ufal-ud-test_Case=Cmp,egy_ujaen-ud-test_Case=Cmp,mdf_jr-ud-test_Case=Cmp,myv_jr-ud-test_Case=Cmp,myv_jr-ud-train_Case=Cmp,kpv_lattice-ud-test_Case=Cmp,sjo_xdt-ud-test_Case=Cmp,koi_uh-ud-train_Case=Cmp,gu_gujtb-ud-test_Case=Cmp
0,ess_sli-ud-test_Case=Per,0.4714045207910316,1.247219128924647,1.3743685418725535,1.3743685418725535,1.3743685418725535,11.728408057172787,1.3743685418725535,9.67241208569794,1.3743685418725535,0.4714045207910316
1,tpn_tudet-ud-test_Case=Per,1.0,2.23606797749979,0.0,0.0,0.0,12.84523257866513,0.0,10.63014581273465,0.0,1.0
2,wbp_ufal-ud-test_Case=Per,1.0,2.23606797749979,0.0,0.0,0.0,12.84523257866513,0.0,10.63014581273465,0.0,1.0
