,Treebank,hu_szeged-ud-dev_Case=Ela,hu_szeged-ud-test_Case=Ela,hu_szeged-ud-train_Case=Ela,fi_ood-ud-test_Case=Ela,et_ewt-ud-train_Case=Ela,et_ewt-ud-test_Case=Ela,et_ewt-ud-dev_Case=Ela,egy_ujaen-ud-test_Case=Ela,olo_kkpp-ud-test_Case=Ela,olo_kkpp-ud-train_Case=Ela,mdf_jr-ud-test_Case=Ela,mdf_jr-ud-train_Case=Ela,vep_vwt-ud-test_Case=Ela,fi_tdt-ud-train_Case=Ela,fi_tdt-ud-test_Case=Ela,fi_tdt-ud-dev_Case=Ela,myv_jr-ud-test_Case=Ela,myv_jr-ud-train_Case=Ela,kpv_ikdp-ud-test_Case=Ela,kpv_lattice-ud-test_Case=Ela,kpv_lattice-ud-train_Case=Ela,fi_pud-ud-test_Case=Ela,et_edt-ud-dev_Case=Ela,et_edt-ud-train_Case=Ela,et_edt-ud-test_Case=Ela,wbp_ufal-ud-test_Case=Ela,koi_uh-ud-train_Case=Ela,koi_uh-ud-test_Case=Ela,krl_kkpp-ud-test_Case=Ela,fi_ftb-ud-dev_Case=Ela,fi_ftb-ud-train_Case=Ela,fi_ftb-ud-test_Case=Ela
0,urb_tudet-ud-test_Case=Aff,22.586996006658808,22.590118844037875,22.59535935873259,22.588953487888926,22.59773007567861,22.60564443945774,22.598523388406143,22.561028345356956,22.58348080881636,22.58317958127243,30.397368307141328,22.561028345356956,22.613602101390217,22.60933993500815,22.60325564000336,22.611495847842008,22.635911015739904,22.684040960237095,22.905603390145973,22.775622917267047,22.67156809750927,22.634969280677648,22.593208522542138,22.592050269113386,22.597507158140136,22.58317958127243,22.561028345356956,22.880122377295102,22.557943168649043,22.561028345356956,22.561028345356956,22.561028345356956
1,_Case=Aff,1.0827689526491961,1.146066921150376,1.2450962012087863,2.068522117325686,1.731320857985841,1.7364217584408124,1.7642602345031582,0.0,1.4021363680319483,1.0,20.728402414722332,0.0,1.541103500742244,2.3139522010695543,2.1435170928508476,2.2829522933712147,1.8503197558178164,2.383275057562597,4.123105625617661,3.336825538583822,2.23606797749979,2.8276189821937745,1.96396624581025,1.8700246112386445,1.9906393640009086,1.0,0.0,3.8078865529319543,1.555892027102138,0.0,0.0,0.0
