,Treebank,ess_sli-ud-test_Case=Equ,gub_tudet-ud-test_Case=Equ,egy_ujaen-ud-test_Case=Equ,ky_ktmu-ud-test_Case=Equ,tt_nmctt-ud-test_Case=Equ,tr_gb-ud-test_Case=Equ,ota_boun-ud-train_Case=Equ,ota_boun-ud-test_Case=Equ,qtd_sagt-ud-test_Case=Equ,qtd_sagt-ud-dev_Case=Equ,qtd_sagt-ud-train_Case=Equ,tr_imst-ud-train_Case=Equ,tr_imst-ud-dev_Case=Equ,tr_imst-ud-test_Case=Equ,tr_boun-ud-dev_Case=Equ,tr_boun-ud-test_Case=Equ,tr_boun-ud-train_Case=Equ
0,kpv_ikdp-ud-test_Case=Egr,3.7416573867739413,4.58257569495584,4.58257569495584,4.58257569495584,4.58257569495584,4.58257569495584,4.58257569495584,4.58257569495584,4.58257569495584,4.58257569495584,4.58257569495584,4.58257569495584,4.58257569495584,4.58257569495584,4.58257569495584,4.58257569495584,4.58257569495584
1,kpv_lattice-ud-test_Case=Egr,9.460443964212251,10.36822067666386,10.36822067666386,10.36822067666386,10.36822067666386,10.36822067666386,10.36822067666386,10.36822067666386,10.36822067666386,10.36822067666386,10.36822067666386,10.36822067666386,10.36822067666386,10.36822067666386,10.36822067666386,10.36822067666386,10.36822067666386
2,kpv_lattice-ud-train_Case=Egr,1.0,0.0,0.0,0.0,0.0,0.0,0.0,0.0,0.0,0.0,0.0,0.0,0.0,0.0,0.0,0.0,0.0
3,koi_uh-ud-train_Case=Egr,1.0,0.0,0.0,0.0,0.0,0.0,0.0,0.0,0.0,0.0,0.0,0.0,0.0,0.0,0.0,0.0,0.0
4,koi_uh-ud-test_Case=Egr,1.0,0.0,0.0,0.0,0.0,0.0,0.0,0.0,0.0,0.0,0.0,0.0,0.0,0.0,0.0,0.0,0.0
