,Treebank,hu_szeged-ud-dev_Case=Cau,hu_szeged-ud-test_Case=Cau,hu_szeged-ud-train_Case=Cau,egy_ujaen-ud-test_Case=Cau,mdf_jr-ud-test_Case=Cau,wbp_ufal-ud-test_Case=Cau,eu_bdt-ud-train_Case=Cau,eu_bdt-ud-test_Case=Cau,eu_bdt-ud-dev_Case=Cau
0,hu_szeged-ud-dev_Case=Del,14.716875339320042,20.361395329227474,18.600411518081405,1.259531560972737,1.259531560972737,1.259531560972737,1.259531560972737,1.259531560972737,1.259531560972737
1,hu_szeged-ud-test_Case=Del,14.835710251846677,20.479322413176554,18.75848894160723,1.08869426309121,1.08869426309121,1.08869426309121,1.08869426309121,1.08869426309121,1.08869426309121
2,hu_szeged-ud-train_Case=Del,14.726984292720104,20.371430422754703,18.612142384363022,1.2452843148017878,1.2452843148017878,1.2452843148017878,1.2452843148017878,1.2452843148017878,1.2452843148017878
