,Treebank,hu_szeged-ud-dev_Case=Ess,hu_szeged-ud-test_Case=Ess,hu_szeged-ud-train_Case=Ess,fi_ood-ud-test_Case=Ess,sms_giellagas-ud-test_Case=Ess,et_ewt-ud-train_Case=Ess,et_ewt-ud-test_Case=Ess,et_ewt-ud-dev_Case=Ess,egy_ujaen-ud-test_Case=Ess,olo_kkpp-ud-test_Case=Ess,olo_kkpp-ud-train_Case=Ess,vep_vwt-ud-test_Case=Ess,fi_tdt-ud-train_Case=Ess,fi_tdt-ud-test_Case=Ess,fi_tdt-ud-dev_Case=Ess,fi_pud-ud-test_Case=Ess,et_edt-ud-dev_Case=Ess,et_edt-ud-train_Case=Ess,et_edt-ud-test_Case=Ess,sme_giella-ud-train_Case=Ess,sme_giella-ud-test_Case=Ess,ka_glc-ud-test_Case=Ess,krl_kkpp-ud-test_Case=Ess,eu_bdt-ud-train_Case=Ess,eu_bdt-ud-test_Case=Ess,eu_bdt-ud-dev_Case=Ess,fi_ftb-ud-dev_Case=Ess,fi_ftb-ud-train_Case=Ess,fi_ftb-ud-test_Case=Ess,ab_abnc-ud-test_Case=Ess
0,kpv_ikdp-ud-test_Case=Adp,1.4611367611967865,0.9069117315863153,0.5819727997775931,1.3743685418725535,1.3743685418725535,1.3743685418725535,1.3743685418725535,1.3743685418725535,1.3743685418725535,1.3743685418725535,1.3743685418725535,1.3743685418725535,1.3743685418725535,1.3743685418725535,1.3743685418725535,1.3743685418725535,1.3743685418725535,1.3743685418725535,1.3743685418725535,1.3743685418725535,1.3743685418725535,1.3743685418725535,1.3743685418725535,1.3743685418725535,1.3743685418725535,1.3743685418725535,1.3743685418725535,1.3743685418725535,1.3743685418725535,1.3743685418725535
1,kpv_lattice-ud-test_Case=Adp,1.3379088160259653,0.7846018098373212,0.4824941965160134,1.5132745950421556,1.5132745950421556,1.5132745950421556,1.5132745950421556,1.5132745950421556,1.5132745950421556,1.5132745950421556,1.5132745950421556,1.5132745950421556,1.5132745950421556,1.5132745950421556,1.5132745950421556,1.5132745950421556,1.5132745950421556,1.5132745950421556,1.5132745950421556,1.5132745950421556,1.5132745950421556,1.5132745950421556,1.5132745950421556,1.5132745950421556,1.5132745950421556,1.5132745950421556,1.5132745950421556,1.5132745950421556,1.5132745950421556,1.5132745950421556
