,Treebank,hu_szeged-ud-dev_Case=Sbl,hu_szeged-ud-test_Case=Sbl,hu_szeged-ud-train_Case=Sbl
0,urb_tudet-ud-test_Case=Aff,22.592881954392357,22.5920795363335,22.593645956256566
1,_Case=Aff,1.2622811750152136,1.1840852064015472,1.2136052062629963
