,Treebank,hu_szeged-ud-dev_Case=Abs,hu_szeged-ud-test_Case=Abs,hu_szeged-ud-train_Case=Abs,ess_sli-ud-test_Case=Abs,hit_hittb-ud-test_Case=Abs,mr_ufal-ud-dev_Case=Abs,mr_ufal-ud-test_Case=Abs,mr_ufal-ud-train_Case=Abs,wbp_ufal-ud-test_Case=Abs,nhi_itml-ud-test_Case=Abs,azz_itml-ud-test_Case=Abs,eu_bdt-ud-train_Case=Abs,eu_bdt-ud-test_Case=Abs,eu_bdt-ud-dev_Case=Abs,gu_gujtb-ud-test_Case=Abs
0,kpv_ikdp-ud-test_Case=Adp,0.37360084866478643,0.4275213333470017,0.4146400417640058,1.3743685418725535,1.3743685418725535,1.3743685418725535,1.3743685418725535,85.98966346150114,1.3743685418725535,20.519788702495493,6.370567241943766,39.49597920944809,39.406922149415934,30.79770556952232,1.3743685418725535
1,kpv_lattice-ud-test_Case=Adp,0.31347162999212125,0.4742480812861032,0.44860071728687173,1.5132745950421556,1.5132745950421556,1.5132745950421556,1.5132745950421556,85.82243296481404,1.5132745950421556,20.34161640638942,6.1704235660225955,39.29988151089948,39.21039839570567,30.60064524814836,1.5132745950421556
