,Treebank,mdf_jr-ud-test_Case=Prl,myv_jr-ud-test_Case=Prl,myv_jr-ud-train_Case=Prl,kpv_ikdp-ud-test_Case=Prl,kpv_lattice-ud-test_Case=Prl,koi_uh-ud-test_Case=Prl
0,kpv_ikdp-ud-test_Case=Prp,0.5651941652604391,0.8244316223920575,0.8006241061929585,1.0,1.4361406616345072,0.0
1,kpv_lattice-ud-test_Case=Prp,20.330259330476935,20.135284639160183,20.167740903556,21.494185260204677,19.7753002505651,20.71231517720798
