,Treebank,mdf_jr-ud-test_Case=Prl,myv_jr-ud-test_Case=Prl,myv_jr-ud-train_Case=Prl,kpv_ikdp-ud-test_Case=Prl,kpv_lattice-ud-test_Case=Prl,koi_uh-ud-test_Case=Prl
0,hu_szeged-ud-dev_Case=Dis,1.6791201399674904,1.9182511566528508,1.8868899803981554,0.7071067811865476,2.462214450449026,1.224744871391589
1,hu_szeged-ud-test_Case=Dis,1.5229722402080887,1.7831678272108882,1.7493866919943548,0.0,2.358495283014151,1.0
2,hu_szeged-ud-train_Case=Dis,1.5229722402080887,1.7831678272108882,1.7493866919943548,0.0,2.358495283014151,1.0
