,Treebank,et_ewt-ud-train_Case=Add,et_ewt-ud-test_Case=Add,et_ewt-ud-dev_Case=Add,et_edt-ud-dev_Case=Add,et_edt-ud-train_Case=Add,et_edt-ud-test_Case=Add
0,si_stb-ud-test_Case=Cns,3.6604238741538753,3.6656059924894944,3.6537820757114297,3.589453940620597,3.566933322809179,3.5350152884883825
1,kpv_lattice-ud-test_Case=Cns,1.1031249959354035,1.0971739059265513,1.1131093143438395,1.1993603737502958,1.2279528687939976,1.2709256503688648
2,wbp_ufal-ud-test_Case=Cns,1.1031249959354035,1.0971739059265513,1.1131093143438395,1.1993603737502958,1.2279528687939976,1.2709256503688648
