,Treebank,hu_szeged-ud-dev_Case=Sup,hu_szeged-ud-test_Case=Sup,hu_szeged-ud-train_Case=Sup,egy_ujaen-ud-test_Case=Sup
0,et_ewt-ud-train_Case=Add,0.0693461899585879,0.0986223463897905,0.1295444571885986,1.1031249959354035
1,et_ewt-ud-test_Case=Add,0.07191628394081213,0.09889136746345457,0.13134759716645616,1.0971739059265513
2,et_ewt-ud-dev_Case=Add,0.08843878901828034,0.09922539499717642,0.12891724789309222,1.1131093143438395
3,et_edt-ud-dev_Case=Add,0.16988726095195641,0.13040655848670607,0.1321875769155678,1.1993603737502958
4,et_edt-ud-train_Case=Add,0.19153144983786036,0.13687442409001205,0.1332588559828198,1.2279528687939976
5,et_edt-ud-test_Case=Add,0.2324738888440924,0.16813444803501582,0.15865110543051347,1.2709256503688648
