,Treebank,hu_szeged-ud-dev_Case=All,hu_szeged-ud-test_Case=All,hu_szeged-ud-train_Case=All,fi_ood-ud-test_Case=All,ess_sli-ud-test_Case=All,hit_hittb-ud-test_Case=All,et_ewt-ud-train_Case=All,et_ewt-ud-test_Case=All,et_ewt-ud-dev_Case=All,ml_ufal-ud-test_Case=All,egy_ujaen-ud-test_Case=All,olo_kkpp-ud-test_Case=All,olo_kkpp-ud-train_Case=All,vep_vwt-ud-test_Case=All,fi_tdt-ud-train_Case=All,fi_tdt-ud-test_Case=All,fi_tdt-ud-dev_Case=All,tpn_tudet-ud-test_Case=All,fi_pud-ud-test_Case=All,et_edt-ud-dev_Case=All,et_edt-ud-train_Case=All,et_edt-ud-test_Case=All,wbp_ufal-ud-test_Case=All,arr_tudet-ud-test_Case=All,gn_oldtudet-ud-test_Case=All,eu_bdt-ud-train_Case=All,eu_bdt-ud-test_Case=All,eu_bdt-ud-dev_Case=All,fi_ftb-ud-dev_Case=All,fi_ftb-ud-train_Case=All,fi_ftb-ud-test_Case=All,eme_tudet-ud-test_Case=All,aqz_tudet-ud-test_Case=All,gu_gujtb-ud-test_Case=All
0,kpv_lattice-ud-test_Case=Apr,5.663827564838928,5.656177767607336,5.657581930697481,5.706911020974214,41.80610003336834,5.634713834792322,5.698405447666574,5.706678288590534,5.6958919434603885,7.053367989832942,5.545268253204709,5.6959823451300355,5.766281297335398,5.675581223295304,5.75830496917341,5.7508336803354885,5.6907248247012365,5.861835131689658,5.745655737786111,5.704399928850016,5.708396099994947,5.723702088287189,5.634713834792322,5.766281297335398,5.766281297335398,5.739814871153866,5.7588236287263435,5.774231889704313,5.545268253204709,5.545268253204709,5.545268253204709,5.699435411849215,6.1300212474205305,5.634713834792322
1,koi_uh-ud-test_Case=Apr,1.29172958692549,1.2216165268919335,1.2334468765583195,1.4885496183206106,41.43669871020132,1.0,1.3930450983353315,1.4619432297123496,1.3878741802897074,4.58257569495584,0.0,1.3016200966614866,1.5811388300841898,1.2092238098144703,1.734535185874498,1.7503098632872058,1.3901779182917564,1.9002923751652299,1.6361461644880222,1.4444051062310876,1.487667600355589,1.5561603904098478,1.0,1.5811388300841898,1.5811388300841898,1.5255948231765961,1.5624731402650052,1.6540550354272934,0.0,0.0,0.0,1.3166487815058465,2.634059909139933,1.0
