,Treebank,et_ewt-ud-train_Case=Add,et_ewt-ud-test_Case=Add,et_ewt-ud-dev_Case=Add,et_edt-ud-dev_Case=Add,et_edt-ud-train_Case=Add,et_edt-ud-test_Case=Add
0,kmr_mg-ud-train_Case=Con,10.958989940420297,10.960859200603872,10.943928357826296,10.857612583823764,10.832524641852636,10.792188521789571
1,kmr_mg-ud-test_Case=Con,8.895513028473962,8.896729088872268,8.880515146059054,8.786663539985435,8.763248771268943,8.7222029613047
