,Treebank,hu_szeged-ud-dev_Case=Ter,hu_szeged-ud-test_Case=Ter,hu_szeged-ud-train_Case=Ter,et_ewt-ud-train_Case=Ter,et_ewt-ud-test_Case=Ter,et_ewt-ud-dev_Case=Ter,olo_kkpp-ud-test_Case=Ter,vep_vwt-ud-test_Case=Ter,kpv_ikdp-ud-test_Case=Ter,kpv_lattice-ud-test_Case=Ter,et_edt-ud-dev_Case=Ter,et_edt-ud-train_Case=Ter,et_edt-ud-test_Case=Ter,ab_abnc-ud-test_Case=Ter,gu_gujtb-ud-test_Case=Ter
0,ess_sli-ud-test_Case=Per,0.4444444444444444,0.4714045207910316,0.40397332145136067,0.43269183285823903,0.4249182927993987,0.4109609335312651,1.2472191289246473,0.4714045207910316,1.247219128924647,2.2141577023928893,0.383701354132235,0.3706031533172205,0.3888865282309397,0.4714045207910316,0.4714045207910316
1,tpn_tudet-ud-test_Case=Per,1.469861839480328,1.0,1.1288514320120056,1.4713938969562161,1.2747548783981961,1.2165525060596438,2.23606797749979,1.0,2.23606797749979,3.431546328418375,1.1658100334413286,1.2325679372360732,1.2567485880964147,1.0,1.0
2,wbp_ufal-ud-test_Case=Per,1.469861839480328,1.0,1.1288514320120056,1.4713938969562161,1.2747548783981961,1.2165525060596438,2.23606797749979,1.0,2.23606797749979,3.431546328418375,1.1658100334413286,1.2325679372360732,1.2567485880964147,1.0,1.0
