,Treebank,hu_szeged-ud-dev_Case=Ine,hu_szeged-ud-test_Case=Ine,hu_szeged-ud-train_Case=Ine,fi_ood-ud-test_Case=Ine,et_ewt-ud-train_Case=Ine,et_ewt-ud-test_Case=Ine,et_ewt-ud-dev_Case=Ine,si_stb-ud-test_Case=Ine,olo_kkpp-ud-test_Case=Ine,olo_kkpp-ud-train_Case=Ine,mdf_jr-ud-test_Case=Ine,mdf_jr-ud-train_Case=Ine,vep_vwt-ud-test_Case=Ine,fi_tdt-ud-train_Case=Ine,fi_tdt-ud-test_Case=Ine,fi_tdt-ud-dev_Case=Ine,myv_jr-ud-test_Case=Ine,myv_jr-ud-train_Case=Ine,kpv_ikdp-ud-test_Case=Ine,kpv_lattice-ud-test_Case=Ine,kpv_lattice-ud-train_Case=Ine,fi_pud-ud-test_Case=Ine,et_edt-ud-dev_Case=Ine,et_edt-ud-train_Case=Ine,et_edt-ud-test_Case=Ine,koi_uh-ud-train_Case=Ine,koi_uh-ud-test_Case=Ine,arr_tudet-ud-test_Case=Ine,krl_kkpp-ud-test_Case=Ine,eu_bdt-ud-train_Case=Ine,eu_bdt-ud-test_Case=Ine,eu_bdt-ud-dev_Case=Ine,fi_ftb-ud-dev_Case=Ine,fi_ftb-ud-train_Case=Ine,fi_ftb-ud-test_Case=Ine,ab_abnc-ud-test_Case=Ine
0,kpv_ikdp-ud-test_Case=Prp,78.79562170577753,52.684596104237784,31.908369502707743,509.7234544338724,1.0,1.0,1.0,1.0,1.0,1.0,1.0,1.0,1.0,167.6189328422888,73.31057222529367,111.95187458109946,1.0,1.0,1.0,260.7067317888052,1.0,80.94392112658578,1.0,1.0,1.0,1.0,1.0,1.0,1.0,1.0,1.0,1.0,1.0,1.0,1.0,1.0
1,kpv_lattice-ud-test_Case=Prp,68.35751604615253,44.06056437828882,25.90644792945049,494.94545153986417,21.494185260204677,21.494185260204677,21.494185260204677,21.494185260204677,21.494185260204677,21.494185260204677,21.494185260204677,21.494185260204677,21.494185260204677,152.96483838556773,59.73474700708123,97.46224340168294,21.494185260204677,21.494185260204677,21.494185260204677,246.18082784814905,21.494185260204677,67.75631606977271,21.494185260204677,21.494185260204677,21.494185260204677,21.494185260204677,21.494185260204677,21.494185260204677,21.494185260204677,21.494185260204677,21.494185260204677,21.494185260204677,21.494185260204677,21.494185260204677,21.494185260204677,21.494185260204677
