,Treebank,et_ewt-ud-train_Case=Add,et_ewt-ud-test_Case=Add,et_ewt-ud-dev_Case=Add,et_edt-ud-dev_Case=Add,et_edt-ud-train_Case=Add,et_edt-ud-test_Case=Add
0,ess_sli-ud-test_Case=Per,0.4078966856355092,0.4126803115139727,0.4061259307221569,0.377613943399119,0.3682534997159035,0.36217112623929343
1,tpn_tudet-ud-test_Case=Per,1.1031249959354035,1.0971739059265513,1.1131093143438395,1.1993603737502958,1.2279528687939976,1.2709256503688648
2,wbp_ufal-ud-test_Case=Per,1.1031249959354035,1.0971739059265513,1.1131093143438395,1.1993603737502958,1.2279528687939976,1.2709256503688648
