,Treebank,urb_tudet-ud-test_Case=Aff,_Case=Aff
0,hu_szeged-ud-dev_Case=Del,22.596159402719003,1.259531560972737
1,hu_szeged-ud-test_Case=Del,22.587280827901523,1.08869426309121
2,hu_szeged-ud-train_Case=Del,22.595369725337342,1.2452843148017878
