,Treebank,mdf_jr-ud-test_Case=Prl,myv_jr-ud-test_Case=Prl,myv_jr-ud-train_Case=Prl,kpv_ikdp-ud-test_Case=Prl,kpv_lattice-ud-test_Case=Prl,koi_uh-ud-test_Case=Prl
0,hu_szeged-ud-dev_Case=Sbl,0.38125627703306963,0.6036965574952691,0.5915079090220329,1.2622811750152136,1.2266584586184184,0.2858773475129578
1,hu_szeged-ud-test_Case=Sbl,0.424439438559605,0.6657883282801921,0.6493570245122996,1.1840852064015472,1.285506787547629,0.20286823403356452
2,hu_szeged-ud-train_Case=Sbl,0.40274153038901506,0.6398716010062806,0.6252529073103822,1.2136052062629963,1.2615209699581929,0.23092293421550486
