,Treebank,kpv_ikdp-ud-test_Case=Adp,kpv_lattice-ud-test_Case=Adp
0,hu_szeged-ud-dev_Case=Del,0.37679611017362596,0.35555555555555557
1,hu_szeged-ud-test_Case=Del,0.41903861724060754,0.4535305734968795
2,hu_szeged-ud-train_Case=Del,0.37858369917886137,0.36386768386052737
