,Treebank,ess_sli-ud-test_Case=Equ,gub_tudet-ud-test_Case=Equ,egy_ujaen-ud-test_Case=Equ,ky_ktmu-ud-test_Case=Equ,tt_nmctt-ud-test_Case=Equ,tr_gb-ud-test_Case=Equ,ota_boun-ud-train_Case=Equ,ota_boun-ud-test_Case=Equ,qtd_sagt-ud-test_Case=Equ,qtd_sagt-ud-dev_Case=Equ,qtd_sagt-ud-train_Case=Equ,tr_imst-ud-train_Case=Equ,tr_imst-ud-dev_Case=Equ,tr_imst-ud-test_Case=Equ,tr_boun-ud-dev_Case=Equ,tr_boun-ud-test_Case=Equ,tr_boun-ud-train_Case=Equ
0,hu_szeged-ud-dev_Case=Sbl,0.2858773475129578,1.2622811750152136,1.2622811750152136,1.2622811750152136,1.2622811750152136,1.2622811750152136,1.2622811750152136,1.2622811750152136,1.2622811750152136,1.2622811750152136,1.2622811750152136,1.2622811750152136,1.2622811750152136,1.2622811750152136,1.2622811750152136,1.2622811750152136,1.2622811750152136
1,hu_szeged-ud-test_Case=Sbl,0.20286823403356452,1.1840852064015472,1.1840852064015472,1.1840852064015472,1.1840852064015472,1.1840852064015472,1.1840852064015472,1.1840852064015472,1.1840852064015472,1.1840852064015472,1.1840852064015472,1.1840852064015472,1.1840852064015472,1.1840852064015472,1.1840852064015472,1.1840852064015472,1.1840852064015472
2,hu_szeged-ud-train_Case=Sbl,0.23092293421550486,1.2136052062629963,1.2136052062629963,1.2136052062629963,1.2136052062629963,1.2136052062629963,1.2136052062629963,1.2136052062629963,1.2136052062629963,1.2136052062629963,1.2136052062629963,1.2136052062629963,1.2136052062629963,1.2136052062629963,1.2136052062629963,1.2136052062629963,1.2136052062629963
