,Treebank,gub_tudet-ud-test_Case=Ref,tpn_tudet-ud-test_Case=Ref,gn_oldtudet-ud-test_Case=Ref,eme_tudet-ud-test_Case=Ref
0,et_ewt-ud-train_Case=Add,0.4078966856355091,1.1031249959354035,1.1031249959354035,1.1031249959354035
1,et_ewt-ud-test_Case=Add,0.4126803115139727,1.0971739059265513,1.0971739059265513,1.0971739059265513
2,et_ewt-ud-dev_Case=Add,0.4061259307221569,1.1131093143438395,1.1131093143438395,1.1131093143438395
3,et_edt-ud-dev_Case=Add,0.377613943399119,1.1993603737502958,1.1993603737502958,1.1993603737502958
4,et_edt-ud-train_Case=Add,0.3682534997159035,1.2279528687939976,1.2279528687939976,1.2279528687939976
5,et_edt-ud-test_Case=Add,0.36217112623929343,1.2709256503688648,1.2709256503688648,1.2709256503688648
