,Treebank,hu_szeged-ud-dev_Case=All,hu_szeged-ud-test_Case=All,hu_szeged-ud-train_Case=All,fi_ood-ud-test_Case=All,ess_sli-ud-test_Case=All,hit_hittb-ud-test_Case=All,et_ewt-ud-train_Case=All,et_ewt-ud-test_Case=All,et_ewt-ud-dev_Case=All,ml_ufal-ud-test_Case=All,egy_ujaen-ud-test_Case=All,olo_kkpp-ud-test_Case=All,olo_kkpp-ud-train_Case=All,vep_vwt-ud-test_Case=All,fi_tdt-ud-train_Case=All,fi_tdt-ud-test_Case=All,fi_tdt-ud-dev_Case=All,tpn_tudet-ud-test_Case=All,fi_pud-ud-test_Case=All,et_edt-ud-dev_Case=All,et_edt-ud-train_Case=All,et_edt-ud-test_Case=All,wbp_ufal-ud-test_Case=All,arr_tudet-ud-test_Case=All,gn_oldtudet-ud-test_Case=All,eu_bdt-ud-train_Case=All,eu_bdt-ud-test_Case=All,eu_bdt-ud-dev_Case=All,fi_ftb-ud-dev_Case=All,fi_ftb-ud-train_Case=All,fi_ftb-ud-test_Case=All,eme_tudet-ud-test_Case=All,aqz_tudet-ud-test_Case=All,gu_gujtb-ud-test_Case=All
0,kpv_ikdp-ud-test_Case=Adp,0.3688774414745957,0.37833925195406437,0.36800310462110575,0.4194230256313392,40.41726803676314,0.4714045207910316,0.3698042746530241,0.40090331841257215,0.3724355308949075,3.4960294939005054,1.3743685418725535,0.43493030589113096,0.6236095644623235,0.38873012632302,0.5900857816572692,0.6024154259409649,0.37572814980605873,0.7817359599705717,0.5153279151738772,0.400580268869396,0.4217192534903612,0.4666587901036607,0.4714045207910316,0.6236095644623235,0.6236095644623235,0.4435967890563804,0.4829508318336129,0.5257742868978332,1.3743685418725535,1.3743685418725535,1.3743685418725535,0.4140923937635858,1.4185717038670782,0.4714045207910316
1,kpv_lattice-ud-test_Case=Adp,0.3251693974829916,0.37348332749718216,0.3516701566039692,0.2629424743710874,40.29007321909455,0.5385164807134505,0.22816446041417965,0.24927974691674587,0.2218207588407611,3.3301651610693423,1.5132745950421556,0.4074715423820904,0.43588989435406744,0.3901566636906542,0.399225317808064,0.41220279976332336,0.25205221090207036,0.5174724898753341,0.3439849167045228,0.27333418717172414,0.27789916516655755,0.3069916225773974,0.5385164807134505,0.5385164807134505,0.43588989435406744,0.2973336617988504,0.32815537541418266,0.3352380448410816,1.5132745950421556,1.5132745950421556,1.5132745950421556,0.3068423848410582,1.2135551282833077,0.5385164807134505
