,Treebank,hi_pud-ud-test_Case=Erg,ess_sli-ud-test_Case=Erg,mr_ufal-ud-dev_Case=Erg,mr_ufal-ud-test_Case=Erg,mr_ufal-ud-train_Case=Erg,wbp_ufal-ud-test_Case=Erg,ka_glc-ud-test_Case=Erg,eu_bdt-ud-train_Case=Erg,eu_bdt-ud-test_Case=Erg,eu_bdt-ud-dev_Case=Erg,gu_gujtb-ud-test_Case=Erg
0,mdf_jr-ud-test_Case=Prl,0.5651941652604391,1.5229722402080887,1.5229722402080887,1.5229722402080887,1.5229722402080887,1.5229722402080887,1.5229722402080887,1.5229722402080887,1.5229722402080887,1.5229722402080887,1.5229722402080887
1,myv_jr-ud-test_Case=Prl,0.8244316223920575,1.7831678272108882,1.7831678272108882,1.7831678272108882,1.7831678272108882,1.7831678272108882,1.7831678272108882,1.7831678272108882,1.7831678272108882,1.7831678272108882,1.7831678272108882
2,myv_jr-ud-train_Case=Prl,0.8006241061929585,1.7493866919943548,1.7493866919943548,1.7493866919943548,1.7493866919943548,1.7493866919943548,1.7493866919943548,1.7493866919943548,1.7493866919943548,1.7493866919943548,1.7493866919943548
3,kpv_ikdp-ud-test_Case=Prl,1.0,0.0,0.0,0.0,0.0,0.0,0.0,0.0,0.0,0.0,0.0
4,kpv_lattice-ud-test_Case=Prl,1.4361406616345072,2.358495283014151,2.358495283014151,2.358495283014151,2.358495283014151,2.358495283014151,2.358495283014151,2.358495283014151,2.358495283014151,2.358495283014151,2.358495283014151
5,koi_uh-ud-test_Case=Prl,0.0,1.0,1.0,1.0,1.0,1.0,1.0,1.0,1.0,1.0,1.0
