,Treebank,hu_szeged-ud-dev_Case=Dis,hu_szeged-ud-test_Case=Dis,hu_szeged-ud-train_Case=Dis
0,mdf_jr-ud-test_Case=Prl,1.6791201399674904,1.5229722402080887,1.5229722402080887
1,myv_jr-ud-test_Case=Prl,1.9182511566528508,1.7831678272108882,1.7831678272108882
2,myv_jr-ud-train_Case=Prl,1.8868899803981554,1.7493866919943548,1.7493866919943548
3,kpv_ikdp-ud-test_Case=Prl,0.7071067811865476,0.0,0.0
4,kpv_lattice-ud-test_Case=Prl,2.462214450449026,2.358495283014151,2.358495283014151
5,koi_uh-ud-test_Case=Prl,1.224744871391589,1.0,1.0
