,Treebank,kpv_ikdp-ud-test_Case=Egr,kpv_lattice-ud-test_Case=Egr,kpv_lattice-ud-train_Case=Egr,koi_uh-ud-train_Case=Egr,koi_uh-ud-test_Case=Egr
0,et_ewt-ud-train_Case=Add,3.6604238741538753,9.365527047522185,1.1031249959354035,1.1031249959354035,1.1031249959354035
1,et_ewt-ud-test_Case=Add,3.6656059924894944,9.370148397480428,1.0971739059265513,1.0971739059265513,1.0971739059265513
2,et_ewt-ud-dev_Case=Add,3.6537820757114297,9.356228532142588,1.1131093143438395,1.1131093143438395,1.1131093143438395
3,et_edt-ud-dev_Case=Add,3.589453940620597,9.275846185064713,1.1993603737502958,1.1993603737502958,1.1993603737502958
4,et_edt-ud-train_Case=Add,3.567131726966857,9.251159252329233,1.2279528687939976,1.2279528687939976,1.2279528687939976
5,et_edt-ud-test_Case=Add,3.535015288488383,9.212893908589617,1.2709256503688648,1.2709256503688648,1.2709256503688648
