,Treebank,hu_szeged-ud-dev_Case=Ill,hu_szeged-ud-test_Case=Ill,hu_szeged-ud-train_Case=Ill,fi_ood-ud-test_Case=Ill,sms_giellagas-ud-test_Case=Ill,sms_giellagas-ud-train_Case=Ill,et_ewt-ud-train_Case=Ill,et_ewt-ud-test_Case=Ill,et_ewt-ud-dev_Case=Ill,egy_ujaen-ud-test_Case=Ill,si_stb-ud-test_Case=Ill,lt_alksnis-ud-test_Case=Ill,lt_alksnis-ud-dev_Case=Ill,lt_alksnis-ud-train_Case=Ill,olo_kkpp-ud-test_Case=Ill,olo_kkpp-ud-train_Case=Ill,mdf_jr-ud-test_Case=Ill,mdf_jr-ud-train_Case=Ill,vep_vwt-ud-test_Case=Ill,fi_tdt-ud-train_Case=Ill,fi_tdt-ud-test_Case=Ill,fi_tdt-ud-dev_Case=Ill,myv_jr-ud-test_Case=Ill,myv_jr-ud-train_Case=Ill,kpv_ikdp-ud-test_Case=Ill,kpv_lattice-ud-test_Case=Ill,kpv_lattice-ud-train_Case=Ill,fi_pud-ud-test_Case=Ill,et_edt-ud-dev_Case=Ill,et_edt-ud-train_Case=Ill,et_edt-ud-test_Case=Ill,koi_uh-ud-train_Case=Ill,koi_uh-ud-test_Case=Ill,sme_giella-ud-train_Case=Ill,sme_giella-ud-test_Case=Ill,krl_kkpp-ud-test_Case=Ill,fi_ftb-ud-dev_Case=Ill,fi_ftb-ud-train_Case=Ill,fi_ftb-ud-test_Case=Ill
0,urb_tudet-ud-test_Case=Aff,22.59724419841318,22.6025239628258,22.591292843608553,22.617999204173653,23.12713119975896,22.58317958127243,23.4883194636318,23.177023104790656,25.414101267010732,22.561028345356956,22.561028345356956,22.58317958127243,22.58317958127243,22.58317958127243,22.619112722541296,22.561028345356956,24.151216325477275,22.561028345356956,22.606967952381407,22.613287434691433,22.607285907138568,22.613557709182075,22.62505038962408,22.607274741898973,22.664362627996695,24.40866983809864,22.561028345356956,22.6081577448647,22.96006095577646,22.950299220841842,23.16565775519136,22.561028345356956,38.28837943815329,22.579590775573937,22.58562394810158,22.595613034283044,22.561028345356956,22.561028345356956,22.561028345356956
1,_Case=Aff,1.278845324000557,1.3689738821885769,1.1689791895833785,1.8756033695853715,6.117168714889247,1.0,6.5912452584836325,5.397629109155241,11.756269669551216,0.0,0.0,1.0,1.0,1.0,1.842143079204315,0.0,8.705242673240075,0.0,1.635542723379613,1.960920608682236,1.9640267731056948,1.9045597042899167,1.7104654390763518,1.5026261478525773,2.3108440016582685,9.44519638196462,0.0,1.983108213213122,4.410228268319544,4.347833450101511,5.3714540403661655,0.0,31.25699921617557,1.152010514482039,1.2072765064707807,1.3562839573037448,0.0,0.0,0.0
