,Treebank,hu_szeged-ud-dev_Case=Ela,hu_szeged-ud-test_Case=Ela,hu_szeged-ud-train_Case=Ela,fi_ood-ud-test_Case=Ela,et_ewt-ud-train_Case=Ela,et_ewt-ud-test_Case=Ela,et_ewt-ud-dev_Case=Ela,egy_ujaen-ud-test_Case=Ela,olo_kkpp-ud-test_Case=Ela,olo_kkpp-ud-train_Case=Ela,mdf_jr-ud-test_Case=Ela,mdf_jr-ud-train_Case=Ela,vep_vwt-ud-test_Case=Ela,fi_tdt-ud-train_Case=Ela,fi_tdt-ud-test_Case=Ela,fi_tdt-ud-dev_Case=Ela,myv_jr-ud-test_Case=Ela,myv_jr-ud-train_Case=Ela,kpv_ikdp-ud-test_Case=Ela,kpv_lattice-ud-test_Case=Ela,kpv_lattice-ud-train_Case=Ela,fi_pud-ud-test_Case=Ela,et_edt-ud-dev_Case=Ela,et_edt-ud-train_Case=Ela,et_edt-ud-test_Case=Ela,wbp_ufal-ud-test_Case=Ela,koi_uh-ud-train_Case=Ela,koi_uh-ud-test_Case=Ela,krl_kkpp-ud-test_Case=Ela,fi_ftb-ud-dev_Case=Ela,fi_ftb-ud-train_Case=Ela,fi_ftb-ud-test_Case=Ela
0,kpv_ikdp-ud-test_Case=Adp,0.42236786197228976,0.3933690748202549,0.3708990935094579,0.8957696007772216,0.5780763357872089,0.5935699403983805,0.6204962600539145,1.3743685418725535,0.4151332327181594,0.4714045207910316,19.516374891072598,1.3743685418725535,0.5137011669140814,1.140300773048021,0.9758608590535021,1.1065443073031822,0.6706914265289047,1.1821422577085714,2.867441755680876,2.125744354180342,1.2472191289246473,1.654795606242889,0.8113219255713202,0.7215395504479818,0.8320906244151968,0.4714045207910316,1.3743685418725535,2.6562295750848715,0.5063156678946007,1.3743685418725535,1.3743685418725535,1.3743685418725535
1,kpv_lattice-ud-test_Case=Adp,0.45643679821743466,0.41131942996822773,0.34125507535423766,0.7125348451508607,0.3561823306829924,0.39170956748035657,0.41792007106841234,1.5132745950421556,0.3363469216459105,0.5385164807134505,19.356910910576612,1.5132745950421556,0.33911649915626346,0.9674878065293083,0.7991068622804774,0.9328434840122398,0.4890535705299935,1.009242997781718,2.6938200880286467,1.955608517813628,1.1357816691600546,1.4908668654253945,0.6347581353439532,0.5412368358169102,0.6527392288911137,0.5385164807134505,1.5132745950421556,2.5079872407968904,0.3671511950137164,1.5132745950421556,1.5132745950421556,1.5132745950421556
