,Treebank,hu_szeged-ud-dev_Case=Sup,hu_szeged-ud-test_Case=Sup,hu_szeged-ud-train_Case=Sup,egy_ujaen-ud-test_Case=Sup
0,ml_ufal-ud-test_Case=Ben,0.08635054556386229,0.17786456215091254,0.2125409675855333,1.0
1,egy_ujaen-ud-test_Case=Ben,1.0734914778194846,1.1623597751615378,1.1940437448107284,0.0
2,si_stb-ud-test_Case=Ben,1.0734914778194846,1.1623597751615378,1.1940437448107284,0.0
3,ta_mwtt-ud-test_Case=Ben,0.08635054556386229,0.17786456215091254,0.2125409675855333,1.0
4,eu_bdt-ud-train_Case=Ben,0.2209039552389212,0.15788465288950598,0.14344389001584187,1.2595815691740142
5,eu_bdt-ud-test_Case=Ben,0.538826035653165,0.46564040595111683,0.43726142585428407,1.573311362056255
6,eu_bdt-ud-dev_Case=Ben,0.392030355071879,0.3063060930102982,0.2801051568299849,1.425181345833614
7,am_att-ud-test_Case=Ben,1.0734914778194846,1.1623597751615378,1.1940437448107284,0.0
8,ab_abnc-ud-test_Case=Ben,0.08635054556386229,0.17786456215091254,0.2125409675855333,1.0
