,Treebank,hu_szeged-ud-dev_Case=All,hu_szeged-ud-test_Case=All,hu_szeged-ud-train_Case=All,fi_ood-ud-test_Case=All,ess_sli-ud-test_Case=All,hit_hittb-ud-test_Case=All,et_ewt-ud-train_Case=All,et_ewt-ud-test_Case=All,et_ewt-ud-dev_Case=All,ml_ufal-ud-test_Case=All,egy_ujaen-ud-test_Case=All,olo_kkpp-ud-test_Case=All,olo_kkpp-ud-train_Case=All,vep_vwt-ud-test_Case=All,fi_tdt-ud-train_Case=All,fi_tdt-ud-test_Case=All,fi_tdt-ud-dev_Case=All,tpn_tudet-ud-test_Case=All,fi_pud-ud-test_Case=All,et_edt-ud-dev_Case=All,et_edt-ud-train_Case=All,et_edt-ud-test_Case=All,wbp_ufal-ud-test_Case=All,arr_tudet-ud-test_Case=All,gn_oldtudet-ud-test_Case=All,eu_bdt-ud-train_Case=All,eu_bdt-ud-test_Case=All,eu_bdt-ud-dev_Case=All,fi_ftb-ud-dev_Case=All,fi_ftb-ud-train_Case=All,fi_ftb-ud-test_Case=All,eme_tudet-ud-test_Case=All,aqz_tudet-ud-test_Case=All,gu_gujtb-ud-test_Case=All
0,kmr_mg-ud-train_Case=Con,10.797718978425927,10.85338280755576,10.849120182814417,10.582425361470213,33.9319171282732,11.062323444918793,10.682525726437362,10.636978214222193,10.688903173431521,8.023403267940607,11.973930014828047,10.81985281212425,10.57709790065309,10.8828866677101,10.353763230147807,10.341933640293849,10.679706580997529,10.294955614819866,10.451849762638098,10.640267498680682,10.58893972925427,10.51773369681902,11.062323444918793,10.62426468043789,10.62426468043789,10.594849062694447,10.58205833841819,10.477908843652823,11.973930014828047,11.973930014828047,11.973930014828047,10.778097584604279,9.526684420583203,11.062323444918793
1,kmr_mg-ud-test_Case=Con,8.74182075484287,8.791812058857461,8.791963587198762,8.508868832961046,35.08967603390367,9.000443983578798,8.616898775827899,8.576095171677819,8.623616235492745,5.751607132121395,9.907268912419791,8.760441702791256,8.5404126853359,8.822479859054445,8.277083061901944,8.268468381070031,8.609874604780524,8.25350347171812,8.37518764211702,8.5722025034302,8.516046800072072,8.439253218262861,9.000443983578798,8.569422337638043,8.569422337638043,8.534743253814169,8.525838650830513,8.416144081623013,9.907268912419791,9.907268912419791,9.907268912419791,8.727546390913545,7.503918570993648,9.000443983578798
