,Treebank,kpv_ikdp-ud-test_Case=Prp,kpv_lattice-ud-test_Case=Prp
0,ml_ufal-ud-test_Case=Ben,0.0,20.71231517720798
1,egy_ujaen-ud-test_Case=Ben,1.0,21.494185260204677
2,si_stb-ud-test_Case=Ben,1.0,21.494185260204677
3,ta_mwtt-ud-test_Case=Ben,0.0,20.71231517720798
4,eu_bdt-ud-train_Case=Ben,0.28037336083580466,20.503949437969254
5,eu_bdt-ud-test_Case=Ben,0.6034878050666787,20.21626896497466
6,eu_bdt-ud-dev_Case=Ben,0.4556450995538138,20.34775520465371
7,am_att-ud-test_Case=Ben,1.0,21.494185260204677
8,ab_abnc-ud-test_Case=Ben,0.0,20.71231517720798
