,Treebank,hu_szeged-ud-dev_Case=Sup,hu_szeged-ud-test_Case=Sup,hu_szeged-ud-train_Case=Sup,egy_ujaen-ud-test_Case=Sup
0,hu_szeged-ud-dev_Case=Sbl,0.2103413977694496,0.11871725976661404,0.08373320165968644,1.2622811750152136
1,hu_szeged-ud-test_Case=Sbl,0.12267750736706104,0.052156610209525354,0.04128760739751241,1.1840852064015472
2,hu_szeged-ud-train_Case=Sbl,0.15222140192733297,0.06482589318905141,0.03704822420509996,1.2136052062629963
