,Treebank,si_stb-ud-test_Case=Cns,kpv_lattice-ud-test_Case=Cns,wbp_ufal-ud-test_Case=Cns
0,hu_szeged-ud-dev_Case=Del,3.5477344535754676,1.259531560972737,1.259531560972737
1,hu_szeged-ud-test_Case=Del,3.6728194925118047,1.08869426309121,1.08869426309121
2,hu_szeged-ud-train_Case=Del,3.558348512414498,1.2452843148017878,1.2452843148017878
