,Treebank,hu_szeged-ud-dev_Case=Ess,hu_szeged-ud-test_Case=Ess,hu_szeged-ud-train_Case=Ess,fi_ood-ud-test_Case=Ess,sms_giellagas-ud-test_Case=Ess,et_ewt-ud-train_Case=Ess,et_ewt-ud-test_Case=Ess,et_ewt-ud-dev_Case=Ess,egy_ujaen-ud-test_Case=Ess,olo_kkpp-ud-test_Case=Ess,olo_kkpp-ud-train_Case=Ess,vep_vwt-ud-test_Case=Ess,fi_tdt-ud-train_Case=Ess,fi_tdt-ud-test_Case=Ess,fi_tdt-ud-dev_Case=Ess,fi_pud-ud-test_Case=Ess,et_edt-ud-dev_Case=Ess,et_edt-ud-train_Case=Ess,et_edt-ud-test_Case=Ess,sme_giella-ud-train_Case=Ess,sme_giella-ud-test_Case=Ess,ka_glc-ud-test_Case=Ess,krl_kkpp-ud-test_Case=Ess,eu_bdt-ud-train_Case=Ess,eu_bdt-ud-test_Case=Ess,eu_bdt-ud-dev_Case=Ess,fi_ftb-ud-dev_Case=Ess,fi_ftb-ud-train_Case=Ess,fi_ftb-ud-test_Case=Ess,ab_abnc-ud-test_Case=Ess
0,kmr_mg-ud-train_Case=Con,9.988982025449936,10.353192744269759,10.593647326340523,11.973930014828047,11.973930014828047,11.973930014828047,11.973930014828047,11.973930014828047,11.973930014828047,11.973930014828047,11.973930014828047,11.973930014828047,11.973930014828047,11.973930014828047,11.973930014828047,11.973930014828047,11.973930014828047,11.973930014828047,11.973930014828047,11.973930014828047,11.973930014828047,11.973930014828047,11.973930014828047,11.973930014828047,11.973930014828047,11.973930014828047,11.973930014828047,11.973930014828047,11.973930014828047,11.973930014828047
1,kmr_mg-ud-test_Case=Con,7.950609893048392,8.299678162131977,8.536439964787919,9.907268912419791,9.907268912419791,9.907268912419791,9.907268912419791,9.907268912419791,9.907268912419791,9.907268912419791,9.907268912419791,9.907268912419791,9.907268912419791,9.907268912419791,9.907268912419791,9.907268912419791,9.907268912419791,9.907268912419791,9.907268912419791,9.907268912419791,9.907268912419791,9.907268912419791,9.907268912419791,9.907268912419791,9.907268912419791,9.907268912419791,9.907268912419791,9.907268912419791,9.907268912419791,9.907268912419791
