,Treebank,hu_szeged-ud-dev_Case=Cau,hu_szeged-ud-test_Case=Cau,hu_szeged-ud-train_Case=Cau,egy_ujaen-ud-test_Case=Cau,mdf_jr-ud-test_Case=Cau,wbp_ufal-ud-test_Case=Cau,eu_bdt-ud-train_Case=Cau,eu_bdt-ud-test_Case=Cau,eu_bdt-ud-dev_Case=Cau
0,kmr_mg-ud-train_Case=Con,11.152354011597732,15.568397476940264,12.057155551787494,11.973930014828047,11.973930014828047,11.973930014828047,11.973930014828047,11.973930014828047,11.973930014828047
1,kmr_mg-ud-test_Case=Con,11.17873858183927,16.100073647768934,12.998903628813272,9.907268912419791,9.907268912419791,9.907268912419791,9.907268912419791,9.907268912419791,9.907268912419791
