,Treebank,kmr_mg-ud-train_Case=Con,kmr_mg-ud-test_Case=Con
0,hu_szeged-ud-dev_Case=Sbl,10.821281657480975,8.765072239794808
1,hu_szeged-ud-test_Case=Sbl,10.895728860433302,8.836639213500987
2,hu_szeged-ud-train_Case=Sbl,10.867226789042066,8.80920565090897
