,Treebank,hu_szeged-ud-dev_Case=Sup,hu_szeged-ud-test_Case=Sup,hu_szeged-ud-train_Case=Sup,egy_ujaen-ud-test_Case=Sup
0,kpv_ikdp-ud-test_Case=Egr,3.6841109929022933,3.615702209687048,3.5921404841742888,4.58257569495584
1,kpv_lattice-ud-test_Case=Egr,9.395508094762528,9.317529609541971,9.290336691914723,10.36822067666386
2,kpv_lattice-ud-train_Case=Egr,1.0734914778194846,1.1623597751615378,1.1940437448107284,0.0
3,koi_uh-ud-train_Case=Egr,1.0734914778194846,1.1623597751615378,1.1940437448107284,0.0
4,koi_uh-ud-test_Case=Egr,1.0734914778194846,1.1623597751615378,1.1940437448107284,0.0
