,Treebank,hu_szeged-ud-dev_Case=Ela,hu_szeged-ud-test_Case=Ela,hu_szeged-ud-train_Case=Ela,fi_ood-ud-test_Case=Ela,et_ewt-ud-train_Case=Ela,et_ewt-ud-test_Case=Ela,et_ewt-ud-dev_Case=Ela,egy_ujaen-ud-test_Case=Ela,olo_kkpp-ud-test_Case=Ela,olo_kkpp-ud-train_Case=Ela,mdf_jr-ud-test_Case=Ela,mdf_jr-ud-train_Case=Ela,vep_vwt-ud-test_Case=Ela,fi_tdt-ud-train_Case=Ela,fi_tdt-ud-test_Case=Ela,fi_tdt-ud-dev_Case=Ela,myv_jr-ud-test_Case=Ela,myv_jr-ud-train_Case=Ela,kpv_ikdp-ud-test_Case=Ela,kpv_lattice-ud-test_Case=Ela,kpv_lattice-ud-train_Case=Ela,fi_pud-ud-test_Case=Ela,et_edt-ud-dev_Case=Ela,et_edt-ud-train_Case=Ela,et_edt-ud-test_Case=Ela,wbp_ufal-ud-test_Case=Ela,koi_uh-ud-train_Case=Ela,koi_uh-ud-test_Case=Ela,krl_kkpp-ud-test_Case=Ela,fi_ftb-ud-dev_Case=Ela,fi_ftb-ud-train_Case=Ela,fi_ftb-ud-test_Case=Ela
0,kpv_ikdp-ud-test_Case=Prp,0.10112587531821468,0.16659862556700852,0.27216552697590873,1.1201926861291118,0.763760760418742,0.7754788325534144,0.8063799251291472,1.0,0.45175395145262554,0.0,19.8158185969358,1.0,0.6123724356957945,1.3773675690615153,1.202592211576206,1.3433656817130493,0.8812629433036954,1.4322808982279183,3.1622776601683795,2.3991720022888807,1.4142135623730951,1.9068172393492644,1.02044433321392,0.9208940422971585,1.04559825370004,0.0,1.0,2.9154759474226504,0.6170899448216606,1.0,1.0,1.0
1,kpv_lattice-ud-test_Case=Prp,20.649833700252024,20.596789922268005,20.524730211736042,19.66372338299132,20.036771680788405,20.014597823599356,19.967574014499395,21.494185260204677,20.37655715847633,20.71231517720798,15.631165450257807,21.494185260204677,20.307018491152263,19.41840734312235,19.571207564362087,19.462903980516487,20.071249481479455,19.704096745890904,18.230011885167087,18.940856007492556,19.974984355438178,18.89138210924101,19.761632651466595,19.853212022048403,19.73617741943875,20.71231517720798,21.494185260204677,18.907670401189037,20.25884498188384,21.494185260204677,21.494185260204677,21.494185260204677
