,Treebank,kpv_ikdp-ud-test_Case=Adp,kpv_lattice-ud-test_Case=Adp
0,gub_tudet-ud-test_Case=Ref,0.4714045207910317,0.42295258468165076
1,tpn_tudet-ud-test_Case=Ref,1.3743685418725535,1.5132745950421556
2,gn_oldtudet-ud-test_Case=Ref,1.3743685418725535,1.5132745950421556
3,eme_tudet-ud-test_Case=Ref,1.3743685418725535,1.5132745950421556
