,Treebank,hu_szeged-ud-dev_Case=Ela,hu_szeged-ud-test_Case=Ela,hu_szeged-ud-train_Case=Ela,fi_ood-ud-test_Case=Ela,et_ewt-ud-train_Case=Ela,et_ewt-ud-test_Case=Ela,et_ewt-ud-dev_Case=Ela,egy_ujaen-ud-test_Case=Ela,olo_kkpp-ud-test_Case=Ela,olo_kkpp-ud-train_Case=Ela,mdf_jr-ud-test_Case=Ela,mdf_jr-ud-train_Case=Ela,vep_vwt-ud-test_Case=Ela,fi_tdt-ud-train_Case=Ela,fi_tdt-ud-test_Case=Ela,fi_tdt-ud-dev_Case=Ela,myv_jr-ud-test_Case=Ela,myv_jr-ud-train_Case=Ela,kpv_ikdp-ud-test_Case=Ela,kpv_lattice-ud-test_Case=Ela,kpv_lattice-ud-train_Case=Ela,fi_pud-ud-test_Case=Ela,et_edt-ud-dev_Case=Ela,et_edt-ud-train_Case=Ela,et_edt-ud-test_Case=Ela,wbp_ufal-ud-test_Case=Ela,koi_uh-ud-train_Case=Ela,koi_uh-ud-test_Case=Ela,krl_kkpp-ud-test_Case=Ela,fi_ftb-ud-dev_Case=Ela,fi_ftb-ud-train_Case=Ela,fi_ftb-ud-test_Case=Ela
0,si_stb-ud-test_Case=Cns,3.677463793998846,3.6291338146860825,3.5560515527059846,3.018463032605643,3.21468073842445,3.218693540769854,3.2036154278342677,4.58257569495584,3.4522988495984492,3.7416573867739413,17.243356208503414,4.58257569495584,3.3726843908080104,2.9185697783747155,2.997547418698118,2.9296607137671744,3.136151766839746,2.8575713964333915,2.449489742783178,2.562584068353202,3.1622776601683795,2.744335406046582,3.0973757125520924,3.1466183767083784,3.07979992857206,3.7416573867739413,4.58257569495584,2.7386127875258306,3.3197590273994284,4.58257569495584,4.58257569495584,4.58257569495584
1,kpv_lattice-ud-test_Case=Cns,1.0827689526491961,1.146066921150376,1.2450962012087863,2.068522117325686,1.731320857985841,1.7364217584408124,1.7642602345031582,0.0,1.4021363680319483,1.0,20.728402414722332,0.0,1.541103500742244,2.3139522010695543,2.1435170928508476,2.2829522933712147,1.8503197558178164,2.383275057562597,4.123105625617661,3.336825538583822,2.23606797749979,2.8276189821937745,1.96396624581025,1.8700246112386445,1.9906393640009086,1.0,0.0,3.8078865529319543,1.555892027102138,0.0,0.0,0.0
2,wbp_ufal-ud-test_Case=Cns,1.0827689526491961,1.146066921150376,1.2450962012087863,2.068522117325686,1.731320857985841,1.7364217584408124,1.7642602345031582,0.0,1.4021363680319483,1.0,20.728402414722332,0.0,1.541103500742244,2.3139522010695543,2.1435170928508476,2.2829522933712147,1.8503197558178164,2.383275057562597,4.123105625617661,3.336825538583822,2.23606797749979,2.8276189821937745,1.96396624581025,1.8700246112386445,1.9906393640009086,1.0,0.0,3.8078865529319543,1.555892027102138,0.0,0.0,0.0
