,Treebank,hu_szeged-ud-dev_Case=Cau,hu_szeged-ud-test_Case=Cau,hu_szeged-ud-train_Case=Cau,egy_ujaen-ud-test_Case=Cau,mdf_jr-ud-test_Case=Cau,wbp_ufal-ud-test_Case=Cau,eu_bdt-ud-train_Case=Cau,eu_bdt-ud-test_Case=Cau,eu_bdt-ud-dev_Case=Cau
0,kpv_ikdp-ud-test_Case=Egr,12.24744871391589,17.832554500127006,15.968719422671311,4.58257569495584,4.58257569495584,4.58257569495584,4.58257569495584,4.58257569495584,4.58257569495584
1,kpv_lattice-ud-test_Case=Egr,9.72111104761179,14.64581851587681,12.020815280171307,10.36822067666386,10.36822067666386,10.36822067666386,10.36822067666386,10.36822067666386,10.36822067666386
2,kpv_lattice-ud-train_Case=Egr,15.652475842498529,21.283796653792763,19.697715603592208,0.0,0.0,0.0,0.0,0.0,0.0
3,koi_uh-ud-train_Case=Egr,15.652475842498529,21.283796653792763,19.697715603592208,0.0,0.0,0.0,0.0,0.0,0.0
4,koi_uh-ud-test_Case=Egr,15.652475842498529,21.283796653792763,19.697715603592208,0.0,0.0,0.0,0.0,0.0,0.0
