,Treebank,si_stb-ud-test_Case=Cns,kpv_lattice-ud-test_Case=Cns,wbp_ufal-ud-test_Case=Cns
0,hu_szeged-ud-dev_Case=Cau,13.038404810405298,15.652475842498529,15.652475842498529
1,hu_szeged-ud-test_Case=Cau,18.601075237738275,21.283796653792763,21.283796653792763
2,hu_szeged-ud-train_Case=Cau,16.522711641858304,19.697715603592208,19.697715603592208
3,egy_ujaen-ud-test_Case=Cau,4.58257569495584,0.0,0.0
4,mdf_jr-ud-test_Case=Cau,4.58257569495584,0.0,0.0
5,wbp_ufal-ud-test_Case=Cau,4.58257569495584,0.0,0.0
6,eu_bdt-ud-train_Case=Cau,4.58257569495584,0.0,0.0
7,eu_bdt-ud-test_Case=Cau,4.58257569495584,0.0,0.0
8,eu_bdt-ud-dev_Case=Cau,4.58257569495584,0.0,0.0
