,Treebank,gub_tudet-ud-test_Case=Ref,tpn_tudet-ud-test_Case=Ref,gn_oldtudet-ud-test_Case=Ref,eme_tudet-ud-test_Case=Ref
0,hu_szeged-ud-dev_Case=Del,0.37679611017362596,1.259531560972737,1.259531560972737,1.259531560972737
1,hu_szeged-ud-test_Case=Del,0.41903861724060754,1.08869426309121,1.08869426309121,1.08869426309121
2,hu_szeged-ud-train_Case=Del,0.37858369917886137,1.2452843148017878,1.2452843148017878,1.2452843148017878
