,Treebank,kpv_ikdp-ud-test_Case=Prp,kpv_lattice-ud-test_Case=Prp
0,et_ewt-ud-train_Case=Add,0.11108241135314532,20.613254927256182
1,et_ewt-ud-test_Case=Add,0.10958904109589036,20.609838291831952
2,et_ewt-ud-dev_Case=Add,0.12957670877434005,20.596523738812255
3,et_edt-ud-dev_Case=Add,0.2233693746936237,20.496094600619678
4,et_edt-ud-train_Case=Add,0.24901480953538424,20.47847017868875
5,et_edt-ud-test_Case=Add,0.29244192421024817,20.44039741794078
