,Treebank,ml_ufal-ud-test_Case=Ben,egy_ujaen-ud-test_Case=Ben,si_stb-ud-test_Case=Ben,ta_mwtt-ud-test_Case=Ben,eu_bdt-ud-train_Case=Ben,eu_bdt-ud-test_Case=Ben,eu_bdt-ud-dev_Case=Ben,am_att-ud-test_Case=Ben,ab_abnc-ud-test_Case=Ben
0,ml_ufal-ud-test_Case=Ben,0.0,1.0,1.0,0.0,0.28037336083580466,0.6034878050666787,0.4556450995538138,1.0,0.0
1,egy_ujaen-ud-test_Case=Ben,1.0,0.0,0.0,1.0,1.2595815691740142,1.573311362056255,1.425181345833614,0.0,1.0
2,si_stb-ud-test_Case=Ben,1.0,0.0,0.0,1.0,1.2595815691740142,1.573311362056255,1.425181345833614,0.0,1.0
3,ta_mwtt-ud-test_Case=Ben,0.0,1.0,1.0,0.0,0.28037336083580466,0.6034878050666787,0.4556450995538138,1.0,0.0
4,eu_bdt-ud-train_Case=Ben,0.28037336083580466,1.2595815691740142,1.2595815691740142,0.28037336083580466,0.0,0.343935693333658,0.217238885337021,1.2595815691740142,0.28037336083580466
5,eu_bdt-ud-test_Case=Ben,0.6034878050666787,1.573311362056255,1.573311362056255,0.6034878050666787,0.343935693333658,0.0,0.2740035792974455,1.573311362056255,0.6034878050666787
6,eu_bdt-ud-dev_Case=Ben,0.4556450995538138,1.425181345833614,1.425181345833614,0.4556450995538138,0.217238885337021,0.2740035792974455,0.0,1.425181345833614,0.4556450995538138
7,am_att-ud-test_Case=Ben,1.0,0.0,0.0,1.0,1.2595815691740142,1.573311362056255,1.425181345833614,0.0,1.0
8,ab_abnc-ud-test_Case=Ben,0.0,1.0,1.0,0.0,0.28037336083580466,0.6034878050666787,0.4556450995538138,1.0,0.0
