,Treebank,hu_szeged-ud-dev_Case=Sup,hu_szeged-ud-test_Case=Sup,hu_szeged-ud-train_Case=Sup,egy_ujaen-ud-test_Case=Sup
0,hu_szeged-ud-dev_Case=Sup,0.0,0.10349191599460873,0.13464438897317363,1.0734914778194846
1,hu_szeged-ud-test_Case=Sup,0.10349191599460873,0.0,0.05084725930557028,1.1623597751615378
2,hu_szeged-ud-train_Case=Sup,0.13464438897317363,0.05084725930557028,0.0,1.1940437448107284
3,egy_ujaen-ud-test_Case=Sup,1.0734914778194846,1.1623597751615378,1.1940437448107284,0.0
