,Treebank,mdf_jr-ud-test_Case=Prl,myv_jr-ud-test_Case=Prl,myv_jr-ud-train_Case=Prl,kpv_ikdp-ud-test_Case=Prl,kpv_lattice-ud-test_Case=Prl,koi_uh-ud-test_Case=Prl
0,et_ewt-ud-train_Case=Add,0.47742301626069905,0.7315363893756183,0.7120077772212434,1.1031249959354035,1.348761462946733,0.11108241135314532
1,et_ewt-ud-test_Case=Add,0.48417170394648384,0.7370857693947825,0.7171156467382103,1.0971739059265513,1.3545418895446004,0.10958904109589036
2,et_ewt-ud-dev_Case=Add,0.4705526039524377,0.723415147276197,0.7056432895236028,1.1131093143438395,1.3422042861200423,0.12957670877434005
3,et_edt-ud-dev_Case=Add,0.4183928867819702,0.6599498151400613,0.6430190371439902,1.1993603737502958,1.2754134983748346,0.2233693746936237
4,et_edt-ud-train_Case=Add,0.39763054496765554,0.634377991882767,0.6194650637250094,1.2279528687939976,1.2518720120697693,0.24901480953538424
5,et_edt-ud-test_Case=Add,0.3736996229124693,0.601524231147353,0.589297056240035,1.2709256503688648,1.2189586198364695,0.29244192421024817
