,Treebank,ml_ufal-ud-test_Case=Ben,egy_ujaen-ud-test_Case=Ben,si_stb-ud-test_Case=Ben,ta_mwtt-ud-test_Case=Ben,eu_bdt-ud-train_Case=Ben,eu_bdt-ud-test_Case=Ben,eu_bdt-ud-dev_Case=Ben,am_att-ud-test_Case=Ben,ab_abnc-ud-test_Case=Ben
0,kmr_mg-ud-train_Case=Con,11.062323444918793,11.973930014828047,11.973930014828047,11.062323444918793,10.826611380453773,10.533822656238637,10.665790315067266,11.973930014828047,11.062323444918793
1,kmr_mg-ud-test_Case=Con,9.000443983578798,9.907268912419791,9.907268912419791,9.000443983578798,8.764669113323597,8.462689908938723,8.604849066562998,9.907268912419791,9.000443983578798
