,Treebank,fi_ood-ud-test_Case=Par,sah_yktdt-ud-test_Case=Par,sms_giellagas-ud-test_Case=Par,et_ewt-ud-train_Case=Par,et_ewt-ud-test_Case=Par,et_ewt-ud-dev_Case=Par,olo_kkpp-ud-test_Case=Par,olo_kkpp-ud-train_Case=Par,vep_vwt-ud-test_Case=Par,fi_tdt-ud-train_Case=Par,fi_tdt-ud-test_Case=Par,fi_tdt-ud-dev_Case=Par,ru_taiga-ud-train_Case=Par,ru_taiga-ud-dev_Case=Par,ru_taiga-ud-test_Case=Par,fi_pud-ud-test_Case=Par,et_edt-ud-dev_Case=Par,et_edt-ud-train_Case=Par,et_edt-ud-test_Case=Par,ru_syntagrus-ud-train_Case=Par,ru_syntagrus-ud-dev_Case=Par,ru_syntagrus-ud-test_Case=Par,ru_poetry-ud-dev_Case=Par,ru_poetry-ud-train_Case=Par,krl_kkpp-ud-test_Case=Par,eu_bdt-ud-train_Case=Par,eu_bdt-ud-test_Case=Par,eu_bdt-ud-dev_Case=Par,fi_ftb-ud-dev_Case=Par,fi_ftb-ud-train_Case=Par,fi_ftb-ud-test_Case=Par,ru_gsd-ud-dev_Case=Par,ru_gsd-ud-train_Case=Par
0,hu_szeged-ud-dev_Case=Dis,10.901823264801973,6.373382147651277,0.7071067811865476,49.17895438449615,44.09155357835454,31.6712803656562,139.73009697269947,0.7071067811865476,0.7071067811865476,18.72372207202021,18.681525633630674,17.121027779406358,46.66369038128039,0.7071067811865476,0.7071067811865476,21.835031508489536,91.5885847588633,80.27224843981666,81.7945104646318,84.27039812413372,0.7071067811865476,0.7071067811865476,0.7071067811865476,12.389511693363866,35.22406234239933,29.093330421249473,17.72737995305567,11.301018438684157,9.427590242143209,11.332699241236487,11.596348364089035,0.7071067811865476,0.7071067811865476
1,hu_szeged-ud-test_Case=Dis,10.881208844195129,6.334035048845246,0.0,49.174596926907114,44.08588319352249,31.663385794952504,139.7390425042336,0.0,0.0,18.711198078741774,18.668674296799974,17.107076434426677,46.65833258915282,0.0,0.0,21.823579013918195,91.58649739557852,80.27025559877289,81.79242650183359,84.27039812413372,0.0,0.0,0.0,12.36931687685298,35.21696420620656,29.085810543974876,17.713271860387625,11.285692885477854,9.401034930993175,11.310617670681031,11.574769776600762,0.0,0.0
2,hu_szeged-ud-train_Case=Dis,10.881208844195129,6.334035048845246,0.0,49.174596926907114,44.08588319352249,31.663385794952504,139.7390425042336,0.0,0.0,18.711198078741774,18.668674296799974,17.107076434426677,46.65833258915282,0.0,0.0,21.823579013918195,91.58649739557852,80.27025559877289,81.79242650183359,84.27039812413372,0.0,0.0,0.0,12.36931687685298,35.21696420620656,29.085810543974876,17.713271860387625,11.285692885477854,9.401034930993175,11.310617670681031,11.574769776600762,0.0,0.0
