,Treebank,hu_szeged-ud-dev_Case=Del,hu_szeged-ud-test_Case=Del,hu_szeged-ud-train_Case=Del
0,ml_ufal-ud-test_Case=Ben,0.2939723678960656,0.10649955403405117,0.28019779169211134
1,egy_ujaen-ud-test_Case=Ben,1.259531560972737,1.08869426309121,1.2452843148017878
2,si_stb-ud-test_Case=Ben,1.259531560972737,1.08869426309121,1.2452843148017878
3,ta_mwtt-ud-test_Case=Ben,0.2939723678960656,0.10649955403405117,0.28019779169211134
4,eu_bdt-ud-train_Case=Ben,0.17095761292490488,0.19718436355908103,0.16844057860574463
5,eu_bdt-ud-test_Case=Ben,0.41573970964154905,0.5189021994913247,0.42469124587279594
6,eu_bdt-ud-dev_Case=Ben,0.23552095093761116,0.3633154139555963,0.2428972544307669
7,am_att-ud-test_Case=Ben,1.259531560972737,1.08869426309121,1.2452843148017878
8,ab_abnc-ud-test_Case=Ben,0.2939723678960656,0.10649955403405117,0.28019779169211134
