,Treebank,hu_szeged-ud-dev_Case=Tra,hu_szeged-ud-test_Case=Tra,hu_szeged-ud-train_Case=Tra,fi_ood-ud-test_Case=Tra,et_ewt-ud-train_Case=Tra,et_ewt-ud-test_Case=Tra,et_ewt-ud-dev_Case=Tra,gub_tudet-ud-test_Case=Tra,olo_kkpp-ud-test_Case=Tra,mdf_jr-ud-test_Case=Tra,vep_vwt-ud-test_Case=Tra,fi_tdt-ud-train_Case=Tra,fi_tdt-ud-test_Case=Tra,fi_tdt-ud-dev_Case=Tra,myv_jr-ud-test_Case=Tra,myv_jr-ud-train_Case=Tra,kpv_ikdp-ud-test_Case=Tra,kpv_lattice-ud-test_Case=Tra,tpn_tudet-ud-test_Case=Tra,fi_pud-ud-test_Case=Tra,et_edt-ud-dev_Case=Tra,et_edt-ud-train_Case=Tra,et_edt-ud-test_Case=Tra,krl_kkpp-ud-test_Case=Tra,fi_ftb-ud-dev_Case=Tra,fi_ftb-ud-train_Case=Tra,fi_ftb-ud-test_Case=Tra,eme_tudet-ud-test_Case=Tra,aqz_tudet-ud-test_Case=Tra
0,si_stb-ud-test_Case=Cns,3.36804839632687,3.6113247800034083,3.6472455360175573,2.536300075645971,2.7923729942068105,2.744196101756935,3.462973794298767,4.58257569495584,3.142857142857143,2.766992952647332,3.1622776601683795,2.604578552769268,3.109443527908882,2.73115360241785,3.4569369712420985,8.912911982062877,4.58257569495584,4.58257569495584,3.3986922054533575,6.2522723141997805,2.88636005726335,2.7451734611556766,2.668873840357796,3.488959659579463,4.58257569495584,4.58257569495584,4.58257569495584,2.5337718918639855,4.58257569495584
1,kpv_lattice-ud-test_Case=Cns,1.5309310892394863,1.1726039399558574,1.1235657524150513,3.451894652855358,4.0984566532751705,4.100771455544949,5.3378073681990434,0.0,1.932535608352669,3.9567979478361033,3.605551275463989,4.293306195252593,5.606948352043668,4.688197948039311,5.756060406646084,12.167168939404103,0.0,0.0,1.4281039179389805,9.375984796760866,4.6850033295982945,4.346730359605627,3.641976368707614,1.3562839573037448,0.0,0.0,0.0,2.453568829277059,0.0
2,wbp_ufal-ud-test_Case=Cns,1.5309310892394863,1.1726039399558574,1.1235657524150513,3.451894652855358,4.0984566532751705,4.100771455544949,5.3378073681990434,0.0,1.932535608352669,3.9567979478361033,3.605551275463989,4.293306195252593,5.606948352043668,4.688197948039311,5.756060406646084,12.167168939404103,0.0,0.0,1.4281039179389805,9.375984796760866,4.6850033295982945,4.346730359605627,3.641976368707614,1.3562839573037448,0.0,0.0,0.0,2.453568829277059,0.0
