,Treebank,hu_szeged-ud-dev_Case=Sbl,hu_szeged-ud-test_Case=Sbl,hu_szeged-ud-train_Case=Sbl
0,kpv_ikdp-ud-test_Case=Egr,3.5421521899673944,3.599784542644546,3.5769804047801053
1,kpv_lattice-ud-test_Case=Egr,9.232165978172116,9.299112126834883,9.272942992546115
2,kpv_lattice-ud-train_Case=Egr,1.2622811750152136,1.1840852064015472,1.2136052062629963
3,koi_uh-ud-train_Case=Egr,1.2622811750152136,1.1840852064015472,1.2136052062629963
4,koi_uh-ud-test_Case=Egr,1.2622811750152136,1.1840852064015472,1.2136052062629963
