,Treebank,et_ewt-ud-train_Case=Add,et_ewt-ud-test_Case=Add,et_ewt-ud-dev_Case=Add,et_edt-ud-dev_Case=Add,et_edt-ud-train_Case=Add,et_edt-ud-test_Case=Add
0,kpv_ikdp-ud-test_Case=Adp,0.4078966856355092,0.4126803115139727,0.4061259307221569,0.377613943399119,0.3682534997159035,0.36217112623929343
1,kpv_lattice-ud-test_Case=Adp,0.4421777021671802,0.4509762975390341,0.43219222975059385,0.3740238997056476,0.35130716815079244,0.3244256598444739
