,Treebank,hu_szeged-ud-dev_Case=Del,hu_szeged-ud-test_Case=Del,hu_szeged-ud-train_Case=Del
0,kpv_ikdp-ud-test_Case=Egr,3.5477344535754676,3.6728194925118047,3.558348512414498
1,kpv_lattice-ud-test_Case=Egr,9.236267751386846,9.382594592405889,9.249363925410837
2,kpv_lattice-ud-train_Case=Egr,1.259531560972737,1.08869426309121,1.2452843148017878
3,koi_uh-ud-train_Case=Egr,1.259531560972737,1.08869426309121,1.2452843148017878
4,koi_uh-ud-test_Case=Egr,1.259531560972737,1.08869426309121,1.2452843148017878
