,Treebank,sah_yktdt-ud-test_Case=Cmp,ml_ufal-ud-test_Case=Cmp,egy_ujaen-ud-test_Case=Cmp,mdf_jr-ud-test_Case=Cmp,myv_jr-ud-test_Case=Cmp,myv_jr-ud-train_Case=Cmp,kpv_lattice-ud-test_Case=Cmp,sjo_xdt-ud-test_Case=Cmp,koi_uh-ud-train_Case=Cmp,gu_gujtb-ud-test_Case=Cmp
0,mdf_jr-ud-test_Case=Prl,0.5651941652604391,1.1486707293408518,1.5229722402080887,1.5229722402080887,1.5229722402080887,11.589626587791535,1.5229722402080887,9.40227513837889,1.5229722402080887,0.5651941652604391
1,myv_jr-ud-test_Case=Prl,0.8244316223920575,1.086134199811423,1.7831678272108882,1.7831678272108882,1.7831678272108882,11.387698955451887,1.7831678272108882,9.186295272487888,1.7831678272108882,0.8244316223920575
2,myv_jr-ud-train_Case=Prl,0.8006241061929585,1.1052801096136653,1.7493866919943548,1.7493866919943548,1.7493866919943548,11.421359401241189,1.7493866919943548,9.212318134488743,1.7493866919943548,0.8006241061929585
3,kpv_ikdp-ud-test_Case=Prl,1.0,2.23606797749979,0.0,0.0,0.0,12.84523257866513,0.0,10.63014581273465,0.0,1.0
4,kpv_lattice-ud-test_Case=Prl,1.4361406616345072,1.25,2.358495283014151,2.358495283014151,2.358495283014151,11.002840542332693,2.358495283014151,8.692669325356855,2.358495283014151,1.4361406616345072
5,koi_uh-ud-test_Case=Prl,0.0,1.4142135623730951,1.0,1.0,1.0,12.0,1.0,9.899494936611665,1.0,0.0
