,Treebank,hu_szeged-ud-dev_Case=Ess,hu_szeged-ud-test_Case=Ess,hu_szeged-ud-train_Case=Ess,fi_ood-ud-test_Case=Ess,sms_giellagas-ud-test_Case=Ess,et_ewt-ud-train_Case=Ess,et_ewt-ud-test_Case=Ess,et_ewt-ud-dev_Case=Ess,egy_ujaen-ud-test_Case=Ess,olo_kkpp-ud-test_Case=Ess,olo_kkpp-ud-train_Case=Ess,vep_vwt-ud-test_Case=Ess,fi_tdt-ud-train_Case=Ess,fi_tdt-ud-test_Case=Ess,fi_tdt-ud-dev_Case=Ess,fi_pud-ud-test_Case=Ess,et_edt-ud-dev_Case=Ess,et_edt-ud-train_Case=Ess,et_edt-ud-test_Case=Ess,sme_giella-ud-train_Case=Ess,sme_giella-ud-test_Case=Ess,ka_glc-ud-test_Case=Ess,krl_kkpp-ud-test_Case=Ess,eu_bdt-ud-train_Case=Ess,eu_bdt-ud-test_Case=Ess,eu_bdt-ud-dev_Case=Ess,fi_ftb-ud-dev_Case=Ess,fi_ftb-ud-train_Case=Ess,fi_ftb-ud-test_Case=Ess,ab_abnc-ud-test_Case=Ess
0,hu_szeged-ud-dev_Case=Del,1.4824071182362595,0.9055494205654486,0.5317159047069,1.259531560972737,1.259531560972737,1.259531560972737,1.259531560972737,1.259531560972737,1.259531560972737,1.259531560972737,1.259531560972737,1.259531560972737,1.259531560972737,1.259531560972737,1.259531560972737,1.259531560972737,1.259531560972737,1.259531560972737,1.259531560972737,1.259531560972737,1.259531560972737,1.259531560972737,1.259531560972737,1.259531560972737,1.259531560972737,1.259531560972737,1.259531560972737,1.259531560972737,1.259531560972737,1.259531560972737
1,hu_szeged-ud-test_Case=Del,1.5912404245609348,1.0029016503261141,0.6183436501782764,1.08869426309121,1.08869426309121,1.08869426309121,1.08869426309121,1.08869426309121,1.08869426309121,1.08869426309121,1.08869426309121,1.08869426309121,1.08869426309121,1.08869426309121,1.08869426309121,1.08869426309121,1.08869426309121,1.08869426309121,1.08869426309121,1.08869426309121,1.08869426309121,1.08869426309121,1.08869426309121,1.08869426309121,1.08869426309121,1.08869426309121,1.08869426309121,1.08869426309121,1.08869426309121,1.08869426309121
2,hu_szeged-ud-train_Case=Del,1.490869107819003,0.9134183185656821,0.5378524968333971,1.2452843148017878,1.2452843148017878,1.2452843148017878,1.2452843148017878,1.2452843148017878,1.2452843148017878,1.2452843148017878,1.2452843148017878,1.2452843148017878,1.2452843148017878,1.2452843148017878,1.2452843148017878,1.2452843148017878,1.2452843148017878,1.2452843148017878,1.2452843148017878,1.2452843148017878,1.2452843148017878,1.2452843148017878,1.2452843148017878,1.2452843148017878,1.2452843148017878,1.2452843148017878,1.2452843148017878,1.2452843148017878,1.2452843148017878,1.2452843148017878
