,Treebank,kpv_ikdp-ud-test_Case=Adp,kpv_lattice-ud-test_Case=Adp
0,hu_szeged-ud-dev_Case=Cau,14.65908895153068,14.535817830449032
1,hu_szeged-ud-test_Case=Cau,20.30325644378808,20.176471445721127
2,hu_szeged-ud-train_Case=Cau,18.56220772310114,18.41168107479597
3,egy_ujaen-ud-test_Case=Cau,1.3743685418725535,1.5132745950421556
4,mdf_jr-ud-test_Case=Cau,1.3743685418725535,1.5132745950421556
5,wbp_ufal-ud-test_Case=Cau,1.3743685418725535,1.5132745950421556
6,eu_bdt-ud-train_Case=Cau,1.3743685418725535,1.5132745950421556
7,eu_bdt-ud-test_Case=Cau,1.3743685418725535,1.5132745950421556
8,eu_bdt-ud-dev_Case=Cau,1.3743685418725535,1.5132745950421556
