,Treebank,mdf_jr-ud-test_Case=Prl,myv_jr-ud-test_Case=Prl,myv_jr-ud-train_Case=Prl,kpv_ikdp-ud-test_Case=Prl,kpv_lattice-ud-test_Case=Prl,koi_uh-ud-test_Case=Prl
0,kmr_mg-ud-train_Case=Con,10.611838253154405,10.384909925784944,10.427160513714753,11.973930014828047,9.971835337589566,11.062323444918793
1,kmr_mg-ud-test_Case=Con,8.55614438063582,8.334095279137046,8.374283464443398,9.907268912419791,7.92881531752985,9.000443983578798
