,Treebank,hu_szeged-ud-dev_Case=Ter,hu_szeged-ud-test_Case=Ter,hu_szeged-ud-train_Case=Ter,et_ewt-ud-train_Case=Ter,et_ewt-ud-test_Case=Ter,et_ewt-ud-dev_Case=Ter,olo_kkpp-ud-test_Case=Ter,vep_vwt-ud-test_Case=Ter,kpv_ikdp-ud-test_Case=Ter,kpv_lattice-ud-test_Case=Ter,et_edt-ud-dev_Case=Ter,et_edt-ud-train_Case=Ter,et_edt-ud-test_Case=Ter,ab_abnc-ud-test_Case=Ter,gu_gujtb-ud-test_Case=Ter
0,kpv_ikdp-ud-test_Case=Prp,0.5211573066470477,0.0,0.15590239111558088,0.51478150704935,0.3535533905932738,0.282842712474619,1.4142135623730951,0.0,1.4142135623730951,2.4907993963089563,0.18311646218632124,0.25719503542143074,0.30267496697538676,0.0,0.0
1,kpv_lattice-ud-test_Case=Prp,20.36185006996184,20.71231517720798,20.612075074792664,20.23029905859031,20.521330366231133,20.432327327056996,19.974984355438178,20.71231517720798,19.974984355438178,18.914954670949694,20.540624444474812,20.466836394633443,20.41206965854736,20.71231517720798,20.71231517720798
