,Treebank,hu_szeged-ud-dev_Case=Abs,hu_szeged-ud-test_Case=Abs,hu_szeged-ud-train_Case=Abs,ess_sli-ud-test_Case=Abs,hit_hittb-ud-test_Case=Abs,mr_ufal-ud-dev_Case=Abs,mr_ufal-ud-test_Case=Abs,mr_ufal-ud-train_Case=Abs,wbp_ufal-ud-test_Case=Abs,nhi_itml-ud-test_Case=Abs,azz_itml-ud-test_Case=Abs,eu_bdt-ud-train_Case=Abs,eu_bdt-ud-test_Case=Abs,eu_bdt-ud-dev_Case=Abs,gu_gujtb-ud-test_Case=Abs
0,et_ewt-ud-train_Case=Add,0.2360672189527709,0.09186596706284038,0.112883766871789,1.1031249959354035,1.1031249959354035,1.1031249959354035,1.1031249959354035,86.18547778904723,1.1031249959354035,20.715484709617893,6.5656910449755115,39.70581727722765,39.616509918747845,31.00704238378735,1.1031249959354035
1,et_ewt-ud-test_Case=Add,0.24265088321348932,0.09535044068167435,0.10092559541309244,1.0971739059265513,1.0971739059265513,1.0971739059265513,1.0971739059265513,86.19259071805091,1.0971739059265513,20.71885855683891,6.569090762147967,39.71183657049797,39.62259779363799,31.013128283428355,1.0971739059265513
2,et_ewt-ud-dev_Case=Add,0.23528199372186934,0.10737982068061137,0.1124638236166217,1.1131093143438395,1.1131093143438395,1.1131093143438395,1.1131093143438395,86.18181756619168,1.1131093143438395,20.704553086664742,6.549273287903572,39.69742738881171,39.60811954251824,30.998673799229262,1.1131093143438395
3,et_edt-ud-dev_Case=Add,0.20758951152696198,0.17843230421517786,0.16652293444064356,1.1993603737502958,1.1993603737502958,1.1993603737502958,1.1993603737502958,86.10062987752251,1.1993603737502958,20.62207896384676,6.473994585701444,39.618602671274346,39.52927308830747,30.919921088620818,1.1993603737502958
4,et_edt-ud-train_Case=Add,0.1989567340179716,0.1988612119463369,0.17509277255186423,1.2279528687939976,1.2279528687939976,1.2279528687939976,1.2279528687939976,86.07270588929056,1.2279528687939976,20.597479407416436,6.446016845227085,39.588817115005305,39.49952402897368,30.890033656369877,1.2279528687939976
5,et_edt-ud-test_Case=Add,0.20055943827966896,0.23792468937455613,0.20866822796879061,1.2709256503688648,1.2709256503688648,1.2709256503688648,1.2709256503688648,86.03637890597214,1.2709256503688648,20.5590558684397,6.405491277320736,39.548615618892946,39.459392762963375,30.84983140413403,1.2709256503688648
