,Treebank,ml_ufal-ud-test_Case=Ben,egy_ujaen-ud-test_Case=Ben,si_stb-ud-test_Case=Ben,ta_mwtt-ud-test_Case=Ben,eu_bdt-ud-train_Case=Ben,eu_bdt-ud-test_Case=Ben,eu_bdt-ud-dev_Case=Ben,am_att-ud-test_Case=Ben,ab_abnc-ud-test_Case=Ben
0,kpv_ikdp-ud-test_Case=Adp,0.4714045207910316,1.3743685418725535,1.3743685418725535,0.4714045207910316,0.3626558621839956,0.46481112585226425,0.3941127694557212,1.3743685418725535,0.4714045207910316
1,kpv_lattice-ud-test_Case=Adp,0.5385164807134505,1.5132745950421556,1.5132745950421556,0.5385164807134505,0.3242177631998297,0.2764412289916607,0.2721820070884535,1.5132745950421556,0.5385164807134505
