,Treebank,mdf_jr-ud-test_Case=Prl,myv_jr-ud-test_Case=Prl,myv_jr-ud-train_Case=Prl,kpv_ikdp-ud-test_Case=Prl,kpv_lattice-ud-test_Case=Prl,koi_uh-ud-test_Case=Prl
0,si_stb-ud-test_Case=Cns,3.3644382063643916,3.1905622545250547,3.2222561107534946,4.58257569495584,2.9261749776799064,3.7416573867739413
1,kpv_lattice-ud-test_Case=Cns,1.5229722402080887,1.7831678272108882,1.7493866919943548,0.0,2.358495283014151,1.0
2,wbp_ufal-ud-test_Case=Cns,1.5229722402080887,1.7831678272108882,1.7493866919943548,0.0,2.358495283014151,1.0
