,Treebank,hu_szeged-ud-dev_Case=Sup,hu_szeged-ud-test_Case=Sup,hu_szeged-ud-train_Case=Sup,egy_ujaen-ud-test_Case=Sup
0,si_stb-ud-test_Case=Cns,3.6841109929022933,3.615702209687048,3.592140484174289,4.58257569495584
1,kpv_lattice-ud-test_Case=Cns,1.0734914778194846,1.1623597751615378,1.1940437448107284,0.0
2,wbp_ufal-ud-test_Case=Cns,1.0734914778194846,1.1623597751615378,1.1940437448107284,0.0
