,Treebank,hu_szeged-ud-dev_Case=Abs,hu_szeged-ud-test_Case=Abs,hu_szeged-ud-train_Case=Abs,ess_sli-ud-test_Case=Abs,hit_hittb-ud-test_Case=Abs,mr_ufal-ud-dev_Case=Abs,mr_ufal-ud-test_Case=Abs,mr_ufal-ud-train_Case=Abs,wbp_ufal-ud-test_Case=Abs,nhi_itml-ud-test_Case=Abs,azz_itml-ud-test_Case=Abs,eu_bdt-ud-train_Case=Abs,eu_bdt-ud-test_Case=Abs,eu_bdt-ud-dev_Case=Abs,gu_gujtb-ud-test_Case=Abs
0,kpv_ikdp-ud-test_Case=Egr,3.530270516172291,3.6810726504632,3.6516187542824374,4.58257569495584,4.58257569495584,4.58257569495584,4.58257569495584,83.7137981458254,4.58257569495584,18.343095044252184,4.620176592515891,37.08695878052361,36.99997715381625,28.41276371240464,4.58257569495584
1,kpv_lattice-ud-test_Case=Egr,9.217527321215565,9.3917060224346,9.357621960594287,10.36822067666386,10.36822067666386,10.36822067666386,10.36822067666386,78.88916275382823,10.36822067666386,14.21549319980071,5.194166447021607,32.24864893764676,32.167034205887006,23.69631989486018,10.36822067666386
2,kpv_lattice-ud-train_Case=Egr,1.2824305436059895,1.0796668344321692,1.1213369028548654,0.0,0.0,0.0,0.0,87.14929718592113,0.0,21.703103265616754,7.607222967012422,40.741182744764195,40.65127036035156,32.04328476137671,0.0
3,koi_uh-ud-train_Case=Egr,1.2824305436059895,1.0796668344321692,1.1213369028548654,0.0,0.0,0.0,0.0,87.14929718592113,0.0,21.703103265616754,7.607222967012422,40.741182744764195,40.65127036035156,32.04328476137671,0.0
4,koi_uh-ud-test_Case=Egr,1.2824305436059895,1.0796668344321692,1.1213369028548654,0.0,0.0,0.0,0.0,87.14929718592113,0.0,21.703103265616754,7.607222967012422,40.741182744764195,40.65127036035156,32.04328476137671,0.0
