,Treebank,kmr_mg-ud-train_Case=Con,kmr_mg-ud-test_Case=Con
0,hu_szeged-ud-dev_Case=Cau,11.152354011597732,11.17873858183927
1,hu_szeged-ud-test_Case=Cau,15.568397476940264,16.100073647768934
2,hu_szeged-ud-train_Case=Cau,12.057155551787494,12.998903628813272
3,egy_ujaen-ud-test_Case=Cau,11.973930014828047,9.907268912419791
4,mdf_jr-ud-test_Case=Cau,11.973930014828047,9.907268912419791
5,wbp_ufal-ud-test_Case=Cau,11.973930014828047,9.907268912419791
6,eu_bdt-ud-train_Case=Cau,11.973930014828047,9.907268912419791
7,eu_bdt-ud-test_Case=Cau,11.973930014828047,9.907268912419791
8,eu_bdt-ud-dev_Case=Cau,11.973930014828047,9.907268912419791
