,Treebank,hu_szeged-ud-dev_Case=Sup,hu_szeged-ud-test_Case=Sup,hu_szeged-ud-train_Case=Sup,egy_ujaen-ud-test_Case=Sup
0,kpv_ikdp-ud-test_Case=Adp,0.42587493492507567,0.3838965266968125,0.37488702909624105,1.3743685418725535
1,kpv_lattice-ud-test_Case=Adp,0.4743338999093724,0.39366119417904155,0.3709485310656529,1.5132745950421556
