,Treebank,ml_ufal-ud-test_Case=Ben,egy_ujaen-ud-test_Case=Ben,si_stb-ud-test_Case=Ben,ta_mwtt-ud-test_Case=Ben,eu_bdt-ud-train_Case=Ben,eu_bdt-ud-test_Case=Ben,eu_bdt-ud-dev_Case=Ben,am_att-ud-test_Case=Ben,ab_abnc-ud-test_Case=Ben
0,hu_szeged-ud-dev_Case=Sbl,0.2858773475129578,1.2622811750152136,1.2622811750152136,0.2858773475129578,0.15007614218096788,0.3945331132972214,0.23050423904417047,1.2622811750152136,0.2858773475129578
1,hu_szeged-ud-test_Case=Sbl,0.20286823403356452,1.1840852064015472,1.1840852064015472,0.20286823403356452,0.15660985476069567,0.4507559809200047,0.297761363183767,1.1840852064015472,0.20286823403356452
2,hu_szeged-ud-train_Case=Sbl,0.23092293421550486,1.2136052062629963,1.2136052062629963,0.23092293421550486,0.1424131541743859,0.42568599843930094,0.26963413021436333,1.2136052062629963,0.23092293421550486
