,Treebank,fi_ood-ud-test_Case=Abe,sms_giellagas-ud-test_Case=Abe,sms_giellagas-ud-train_Case=Abe,et_ewt-ud-train_Case=Abe,et_ewt-ud-test_Case=Abe,et_ewt-ud-dev_Case=Abe,gub_tudet-ud-test_Case=Abe,olo_kkpp-ud-test_Case=Abe,olo_kkpp-ud-train_Case=Abe,mdf_jr-ud-test_Case=Abe,fi_tdt-ud-train_Case=Abe,fi_tdt-ud-test_Case=Abe,fi_tdt-ud-dev_Case=Abe,myv_jr-ud-test_Case=Abe,myv_jr-ud-train_Case=Abe,kpv_ikdp-ud-test_Case=Abe,kpv_lattice-ud-test_Case=Abe,fi_pud-ud-test_Case=Abe,et_edt-ud-dev_Case=Abe,et_edt-ud-train_Case=Abe,et_edt-ud-test_Case=Abe,koi_uh-ud-test_Case=Abe,sme_giella-ud-train_Case=Abe,sme_giella-ud-test_Case=Abe,arr_tudet-ud-test_Case=Abe,krl_kkpp-ud-test_Case=Abe,fi_ftb-ud-dev_Case=Abe,fi_ftb-ud-train_Case=Abe,fi_ftb-ud-test_Case=Abe,ab_abnc-ud-test_Case=Abe
0,kmr_mg-ud-train_Case=Con,7.298211348603773,11.062323444918793,11.973930014828047,8.10494865768835,6.406377031260857,11.973930014828047,10.216408370851275,11.973930014828047,11.973930014828047,10.482127646618315,6.9562122515697355,6.882949948968102,9.365272731390865,10.509757371128984,10.422087025120433,11.062323444918793,9.456772999049706,10.216408370851275,8.703536247404072,7.983296094278705,8.5,10.142731387550397,11.973930014828047,11.973930014828047,11.062323444918793,10.216408370851275,11.973930014828047,11.973930014828047,11.973930014828047,11.062323444918793
1,kmr_mg-ud-test_Case=Con,5.667514893907832,9.000443983578798,9.907268912419791,6.106510375759015,5.546153326320687,9.907268912419791,8.17691913253885,9.907268912419791,9.907268912419791,8.370348644297154,6.779278755870425,5.771244404331918,7.371986938059628,8.460580509543899,8.323460904892885,9.000443983578798,7.358167087181839,8.176026416293793,6.647730514957279,5.989316672503171,6.438277918704199,8.113966912357016,9.907268912419791,9.907268912419791,9.000443983578798,8.176026416293793,9.907268912419791,9.907268912419791,9.907268912419791,9.000443983578798
