,Treebank,hu_szeged-ud-dev_Case=Tra,hu_szeged-ud-test_Case=Tra,hu_szeged-ud-train_Case=Tra,fi_ood-ud-test_Case=Tra,et_ewt-ud-train_Case=Tra,et_ewt-ud-test_Case=Tra,et_ewt-ud-dev_Case=Tra,gub_tudet-ud-test_Case=Tra,olo_kkpp-ud-test_Case=Tra,mdf_jr-ud-test_Case=Tra,vep_vwt-ud-test_Case=Tra,fi_tdt-ud-train_Case=Tra,fi_tdt-ud-test_Case=Tra,fi_tdt-ud-dev_Case=Tra,myv_jr-ud-test_Case=Tra,myv_jr-ud-train_Case=Tra,kpv_ikdp-ud-test_Case=Tra,kpv_lattice-ud-test_Case=Tra,tpn_tudet-ud-test_Case=Tra,fi_pud-ud-test_Case=Tra,et_edt-ud-dev_Case=Tra,et_edt-ud-train_Case=Tra,et_edt-ud-test_Case=Tra,krl_kkpp-ud-test_Case=Tra,fi_ftb-ud-dev_Case=Tra,fi_ftb-ud-train_Case=Tra,fi_ftb-ud-test_Case=Tra,eme_tudet-ud-test_Case=Tra,aqz_tudet-ud-test_Case=Tra
0,kpv_ikdp-ud-test_Case=Prp,0.5863019699779287,0.2041241452319316,0.14966629547095772,2.5089613467008616,3.20894794890405,3.2007652146297256,4.485218779502289,1.0,1.0101525445522108,3.0669610365963242,2.8284271247461903,3.3571291193566175,4.6632137126854385,3.7548901448644276,4.856621959706575,11.253443917308159,1.0,1.0,0.4497460373445051,8.453079051715147,3.780834662320167,3.4357739953751767,2.7347240805253215,0.41573970964154894,1.0,1.0,1.0,1.5556349186104044,1.0
1,kpv_lattice-ud-test_Case=Prp,20.318556789299777,20.584176770843506,20.61995150333773,18.978710144880157,18.645112069430763,18.574999656659433,18.11745532628686,21.494185260204677,20.06469129427846,18.625419458363883,19.313207915827967,18.196748810581067,17.132273430558136,17.81401695295028,17.751964156254896,15.06120845085148,21.494185260204677,21.494185260204677,20.331953128259347,15.541732675138077,18.17651286233723,18.342310424153897,18.835098204829254,20.457423416439966,21.494185260204677,21.494185260204677,21.494185260204677,19.743859805012796,21.494185260204677
