,Treebank,urb_tudet-ud-test_Case=Aff,_Case=Aff
0,et_ewt-ud-train_Case=Add,22.583620503800713,1.1031249959354035
1,et_ewt-ud-test_Case=Add,22.582838893674424,1.0971739059265513
2,et_ewt-ud-dev_Case=Add,22.584535296700288,1.1131093143438395
3,et_edt-ud-dev_Case=Add,22.5817538770412,1.1993603737502958
4,et_edt-ud-train_Case=Add,22.581700653674627,1.2279528687939976
5,et_edt-ud-test_Case=Add,22.582918876481365,1.2709256503688648
