,Treebank,hu_szeged-ud-dev_Case=Ter,hu_szeged-ud-test_Case=Ter,hu_szeged-ud-train_Case=Ter,et_ewt-ud-train_Case=Ter,et_ewt-ud-test_Case=Ter,et_ewt-ud-dev_Case=Ter,olo_kkpp-ud-test_Case=Ter,vep_vwt-ud-test_Case=Ter,kpv_ikdp-ud-test_Case=Ter,kpv_lattice-ud-test_Case=Ter,et_edt-ud-dev_Case=Ter,et_edt-ud-train_Case=Ter,et_edt-ud-test_Case=Ter,ab_abnc-ud-test_Case=Ter,gu_gujtb-ud-test_Case=Ter
0,kpv_ikdp-ud-test_Case=Egr,3.4066021592790867,3.7416573867739413,3.643392039783196,3.40073521462639,3.553167600887974,3.588871688985272,3.1622776601683795,3.7416573867739413,3.1622776601683795,2.4327694808466287,3.6134176969563208,3.564677542958768,3.5536175232412406,3.7416573867739413,3.7416573867739413
1,kpv_lattice-ud-test_Case=Egr,9.067306622295071,9.460443964212251,9.348759573096078,9.039634948381488,9.239859306288164,9.261749294814669,8.631338250816034,9.460443964212251,8.631338250816034,7.15070996903276,9.307338765433306,9.247048007827198,9.225172478473493,9.460443964212251,9.460443964212251
2,kpv_lattice-ud-train_Case=Egr,1.469861839480328,1.0,1.1288514320120056,1.4713938969562161,1.2747548783981961,1.2165525060596438,2.23606797749979,1.0,2.23606797749979,3.431546328418375,1.1658100334413286,1.2325679372360732,1.2567485880964147,1.0,1.0
3,koi_uh-ud-train_Case=Egr,1.469861839480328,1.0,1.1288514320120056,1.4713938969562161,1.2747548783981961,1.2165525060596438,2.23606797749979,1.0,2.23606797749979,3.431546328418375,1.1658100334413286,1.2325679372360732,1.2567485880964147,1.0,1.0
4,koi_uh-ud-test_Case=Egr,1.469861839480328,1.0,1.1288514320120056,1.4713938969562161,1.2747548783981961,1.2165525060596438,2.23606797749979,1.0,2.23606797749979,3.431546328418375,1.1658100334413286,1.2325679372360732,1.2567485880964147,1.0,1.0
