,Treebank,sah_yktdt-ud-test_Case=Cmp,ml_ufal-ud-test_Case=Cmp,egy_ujaen-ud-test_Case=Cmp,mdf_jr-ud-test_Case=Cmp,myv_jr-ud-test_Case=Cmp,myv_jr-ud-train_Case=Cmp,kpv_lattice-ud-test_Case=Cmp,sjo_xdt-ud-test_Case=Cmp,koi_uh-ud-train_Case=Cmp,gu_gujtb-ud-test_Case=Cmp
0,hu_szeged-ud-dev_Case=Sbl,0.2858773475129578,1.2468336195640972,1.2622811750152136,1.2622811750152136,1.2622811750152136,11.788360648879623,1.2622811750152136,9.721128047144727,1.2622811750152136,0.2858773475129578
1,hu_szeged-ud-test_Case=Sbl,0.20286823403356452,1.2962458349945813,1.1840852064015472,1.1840852064015472,1.1840852064015472,11.850406447206312,1.1840852064015472,9.773169380037686,1.1840852064015472,0.20286823403356452
2,hu_szeged-ud-train_Case=Sbl,0.23092293421550486,1.2782070279984956,1.2136052062629963,1.2136052062629963,1.2136052062629963,11.826166050344769,1.2136052062629963,9.752781143637595,1.2136052062629963,0.23092293421550486
