,Treebank,hu_szeged-ud-dev_Case=Ade,hu_szeged-ud-test_Case=Ade,hu_szeged-ud-train_Case=Ade,fi_ood-ud-test_Case=Ade,et_ewt-ud-train_Case=Ade,et_ewt-ud-test_Case=Ade,et_ewt-ud-dev_Case=Ade,olo_kkpp-ud-test_Case=Ade,vep_vwt-ud-test_Case=Ade,fi_tdt-ud-train_Case=Ade,fi_tdt-ud-test_Case=Ade,fi_tdt-ud-dev_Case=Ade,fi_pud-ud-test_Case=Ade,et_edt-ud-dev_Case=Ade,et_edt-ud-train_Case=Ade,et_edt-ud-test_Case=Ade,krl_kkpp-ud-test_Case=Ade,fi_ftb-ud-dev_Case=Ade,fi_ftb-ud-train_Case=Ade,fi_ftb-ud-test_Case=Ade
0,hu_szeged-ud-dev_Case=Dis,1.5129648046137756,1.4534187405916297,1.4474114826130127,1.9181836092659945,2.0241643980316377,2.003984781526888,2.278780267198406,2.0844364577171426,1.8036999011291577,2.243258044784127,2.2637881370941177,2.277431421042359,2.497269616151621,1.9106532137269179,1.935453692302766,1.812560613210631,1.7632035386619436,0.7071067811865476,0.7071067811865476,0.7071067811865476
1,hu_szeged-ud-test_Case=Dis,1.3375584099395434,1.3144621146642357,1.2629330940315089,1.7886065521032837,1.897422799077966,1.8771070193697335,2.166296264635297,2.0006924009208644,1.6593171286204857,2.1333499449356674,2.160771997383269,2.171466165088107,2.3950690043825595,1.7767514466365293,1.8041476170465596,1.6708159613082763,1.6152048534938224,0.0,0.0,0.0
2,hu_szeged-ud-train_Case=Dis,1.3375584099395434,1.3144621146642357,1.2629330940315089,1.7886065521032837,1.897422799077966,1.8771070193697335,2.166296264635297,2.0006924009208644,1.6593171286204857,2.1333499449356674,2.160771997383269,2.171466165088107,2.3950690043825595,1.7767514466365293,1.8041476170465596,1.6708159613082763,1.6152048534938224,0.0,0.0,0.0
