,Treebank,hu_szeged-ud-dev_Case=Del,hu_szeged-ud-test_Case=Del,hu_szeged-ud-train_Case=Del
0,urb_tudet-ud-test_Case=Aff,22.596159402719003,22.587280827901523,22.595369725337342
1,_Case=Aff,1.259531560972737,1.08869426309121,1.2452843148017878
