,Treebank,hu_szeged-ud-dev_Case=Tra,hu_szeged-ud-test_Case=Tra,hu_szeged-ud-train_Case=Tra,fi_ood-ud-test_Case=Tra,et_ewt-ud-train_Case=Tra,et_ewt-ud-test_Case=Tra,et_ewt-ud-dev_Case=Tra,gub_tudet-ud-test_Case=Tra,olo_kkpp-ud-test_Case=Tra,mdf_jr-ud-test_Case=Tra,vep_vwt-ud-test_Case=Tra,fi_tdt-ud-train_Case=Tra,fi_tdt-ud-test_Case=Tra,fi_tdt-ud-dev_Case=Tra,myv_jr-ud-test_Case=Tra,myv_jr-ud-train_Case=Tra,kpv_ikdp-ud-test_Case=Tra,kpv_lattice-ud-test_Case=Tra,tpn_tudet-ud-test_Case=Tra,fi_pud-ud-test_Case=Tra,et_edt-ud-dev_Case=Tra,et_edt-ud-train_Case=Tra,et_edt-ud-test_Case=Tra,krl_kkpp-ud-test_Case=Tra,fi_ftb-ud-dev_Case=Tra,fi_ftb-ud-train_Case=Tra,fi_ftb-ud-test_Case=Tra,eme_tudet-ud-test_Case=Tra,aqz_tudet-ud-test_Case=Tra
0,hu_szeged-ud-dev_Case=Sbl,0.33103532281741077,0.15462638957611388,0.20062374941366318,2.2732895081558295,2.9856620708762738,2.978873806452319,4.271126082075292,1.2622811750152136,0.8022856475651352,2.845094902654016,2.6567781322247357,3.120528912953999,4.414723154877556,3.5163179249456262,4.6308099979819675,11.017358620563282,1.2622811750152136,1.2622811750152136,0.26288100709787865,8.214014090484676,3.5507955552517574,3.205796392214519,2.5098219259817545,0.2898667423747836,1.2622811750152136,1.2622811750152136,1.2622811750152136,1.3549296605185182,1.2622811750152136
1,hu_szeged-ud-test_Case=Sbl,0.394439110775314,0.07988168932660064,0.12898925205928743,2.3443573634059036,3.0529424079686556,3.0445697093012183,4.335493157083372,1.1840852064015472,0.8673055361851469,2.911611359427941,2.7054299120660477,3.191000381360848,4.490864373500525,3.5879783448463938,4.697526659152154,11.088093486912673,1.1840852064015472,1.1840852064015472,0.30389415206830356,8.285829033100194,3.6202110134095067,3.2748146538555045,2.5767725783554245,0.30609520524346234,1.1840852064015472,1.1840852064015472,1.1840852064015472,1.4108433040740467,1.1840852064015472
2,hu_szeged-ud-train_Case=Sbl,0.37220802809832665,0.09811327410105355,0.1465656818892949,2.31723432787292,3.026217013615008,3.0180006445239695,4.310059217983241,1.2136052062629963,0.845074957195457,2.885170627170629,2.685945087171887,3.163654617864576,4.461889287289006,3.560314940383425,4.671488773488501,11.060042717536936,1.2136052062629963,1.2136052062629963,0.2795926602003374,8.258362657507929,3.592343515379346,3.2471237000208304,2.5499889631119688,0.29381543415136335,1.2136052062629963,1.2136052062629963,1.2136052062629963,1.3835826723773306,1.2136052062629963
