,Treebank,hu_szeged-ud-dev_Case=Tem,hu_szeged-ud-test_Case=Tem,hu_szeged-ud-train_Case=Tem,fa_seraji-ud-dev_Case=Tem,fa_seraji-ud-test_Case=Tem,fa_seraji-ud-train_Case=Tem,gub_tudet-ud-test_Case=Tem,lzh_tuecl-ud-test_Case=Tem,apu_ufpa-ud-test_Case=Tem,egy_ujaen-ud-test_Case=Tem,nyq_aha-ud-test_Case=Tem,mdf_jr-ud-test_Case=Tem,mdf_jr-ud-train_Case=Tem,myv_jr-ud-test_Case=Tem,myv_jr-ud-train_Case=Tem,kfm_aha-ud-test_Case=Tem,soj_aha-ud-test_Case=Tem,he_htb-ud-train_Case=Tem,lzh_kyoto-ud-dev_Case=Tem,lzh_kyoto-ud-train_Case=Tem,lzh_kyoto-ud-test_Case=Tem,gu_gujtb-ud-test_Case=Tem
0,hu_szeged-ud-dev_Case=Sup,0.13703605542809738,0.08635054556386229,0.08635054556386229,1.0734914778194846,1.0734914778194846,1.0734914778194846,0.08635054556386229,1.0734914778194846,1.0734914778194846,1.0734914778194846,1.0734914778194846,1.0734914778194846,1.0734914778194846,1.501277199025343,3.4849874570993027,1.0734914778194846,1.0734914778194846,7.307817427053987,1.0734914778194846,1.0734914778194846,1.0734914778194846,4.1919773148269215
1,hu_szeged-ud-test_Case=Sup,0.09521742500557011,0.17786456215091254,0.17786456215091254,1.1623597751615378,1.1623597751615378,1.1623597751615378,0.17786456215091254,1.1623597751615378,1.1623597751615378,1.1623597751615378,1.1623597751615378,1.1623597751615378,1.1623597751615378,1.4139407325138238,3.4253503019921956,1.1623597751615378,1.1623597751615378,7.224118340840572,1.1623597751615378,1.1623597751615378,1.1623597751615378,4.131985293915722
2,hu_szeged-ud-train_Case=Sup,0.11692145425433172,0.2125409675855333,0.2125409675855333,1.1940437448107284,1.1940437448107284,1.1940437448107284,0.2125409675855333,1.1940437448107284,1.1940437448107284,1.1940437448107284,1.1940437448107284,1.1940437448107284,1.1940437448107284,1.3924836874797661,3.4049605957857443,1.1940437448107284,1.1940437448107284,7.199663424076657,1.1940437448107284,1.1940437448107284,1.1940437448107284,4.111383375221033
3,egy_ujaen-ud-test_Case=Sup,1.1319231422671772,1.0,1.0,0.0,0.0,0.0,1.0,0.0,0.0,0.0,0.0,0.0,0.0,2.472066162365221,4.301162633521313,0.0,0.0,8.299096336348915,0.0,0.0,0.0,5.0
