,Treebank,fi_ood-ud-test_Case=Abe,sms_giellagas-ud-test_Case=Abe,sms_giellagas-ud-train_Case=Abe,et_ewt-ud-train_Case=Abe,et_ewt-ud-test_Case=Abe,et_ewt-ud-dev_Case=Abe,gub_tudet-ud-test_Case=Abe,olo_kkpp-ud-test_Case=Abe,olo_kkpp-ud-train_Case=Abe,mdf_jr-ud-test_Case=Abe,fi_tdt-ud-train_Case=Abe,fi_tdt-ud-test_Case=Abe,fi_tdt-ud-dev_Case=Abe,myv_jr-ud-test_Case=Abe,myv_jr-ud-train_Case=Abe,kpv_ikdp-ud-test_Case=Abe,kpv_lattice-ud-test_Case=Abe,fi_pud-ud-test_Case=Abe,et_edt-ud-dev_Case=Abe,et_edt-ud-train_Case=Abe,et_edt-ud-test_Case=Abe,koi_uh-ud-test_Case=Abe,sme_giella-ud-train_Case=Abe,sme_giella-ud-test_Case=Abe,arr_tudet-ud-test_Case=Abe,krl_kkpp-ud-test_Case=Abe,fi_ftb-ud-dev_Case=Abe,fi_ftb-ud-train_Case=Abe,fi_ftb-ud-test_Case=Abe,ab_abnc-ud-test_Case=Abe
0,ess_sli-ud-test_Case=Per,5.456901847914968,0.4714045207910316,1.3743685418725535,3.5564766380643507,9.521904571390467,1.3743685418725535,1.2472191289246473,1.3743685418725535,1.3743685418725535,0.6236095644623235,10.850627222013992,7.84573486395988,2.211083193570267,0.5497474167490215,0.6098213559459855,0.4714045207910316,1.452966314513558,1.247219128924647,2.604601815495787,3.5960747910274327,3.1512784001981733,1.0274023338281628,1.3743685418725535,1.3743685418725535,0.4714045207910316,1.247219128924647,1.3743685418725535,1.3743685418725535,1.3743685418725535,0.4714045207910316
1,tpn_tudet-ud-test_Case=Per,6.6248689714505975,1.0,0.0,4.723895928549249,10.661457061146319,0.0,2.23606797749979,0.0,0.0,1.5811388300841898,12.021392967908872,9.0,3.3166247903554,1.6370705543744901,1.6350747346085137,1.0,2.6246692913372702,2.23606797749979,3.7916412290559007,4.787656304765619,4.286607049870562,2.1213203435596424,0.0,0.0,1.0,2.23606797749979,0.0,0.0,0.0,1.0
2,wbp_ufal-ud-test_Case=Per,6.6248689714505975,1.0,0.0,4.723895928549249,10.661457061146319,0.0,2.23606797749979,0.0,0.0,1.5811388300841898,12.021392967908872,9.0,3.3166247903554,1.6370705543744901,1.6350747346085137,1.0,2.6246692913372702,2.23606797749979,3.7916412290559007,4.787656304765619,4.286607049870562,2.1213203435596424,0.0,0.0,1.0,2.23606797749979,0.0,0.0,0.0,1.0
