,Treebank,hu_szeged-ud-dev_Case=Cau,hu_szeged-ud-test_Case=Cau,hu_szeged-ud-train_Case=Cau,egy_ujaen-ud-test_Case=Cau,mdf_jr-ud-test_Case=Cau,wbp_ufal-ud-test_Case=Cau,eu_bdt-ud-train_Case=Cau,eu_bdt-ud-test_Case=Cau,eu_bdt-ud-dev_Case=Cau
0,et_ewt-ud-train_Case=Add,14.824383268861881,20.467200069771426,18.750884582745567,1.1031249959354035,1.1031249959354035,1.1031249959354035,1.1031249959354035,1.1031249959354035,1.1031249959354035
1,et_ewt-ud-test_Case=Add,14.829107212399283,20.472124954896284,18.752854289534262,1.0971739059265513,1.0971739059265513,1.0971739059265513,1.0971739059265513,1.0971739059265513,1.0971739059265513
2,et_ewt-ud-dev_Case=Add,14.817973737289872,20.45958376656853,18.740185908929362,1.1131093143438395,1.1131093143438395,1.1131093143438395,1.1131093143438395,1.1131093143438395,1.1131093143438395
3,et_edt-ud-dev_Case=Add,14.757222237374664,20.401502945836604,18.670026616948114,1.1993603737502958,1.1993603737502958,1.1993603737502958,1.1993603737502958,1.1993603737502958,1.1993603737502958
4,et_edt-ud-train_Case=Add,14.736266480239893,20.380485820731234,18.643764723940997,1.2279528687939976,1.2279528687939976,1.2279528687939976,1.2279528687939976,1.2279528687939976,1.2279528687939976
5,et_edt-ud-test_Case=Add,14.705730014249847,20.350153943454064,18.607005600422948,1.2709256503688648,1.2709256503688648,1.2709256503688648,1.2709256503688648,1.2709256503688648,1.2709256503688648
