,Treebank,si_stb-ud-test_Case=Cns,kpv_lattice-ud-test_Case=Cns,wbp_ufal-ud-test_Case=Cns
0,hu_szeged-ud-dev_Case=Sup,3.6841109929022933,1.0734914778194846,1.0734914778194846
1,hu_szeged-ud-test_Case=Sup,3.615702209687048,1.1623597751615378,1.1623597751615378
2,hu_szeged-ud-train_Case=Sup,3.592140484174289,1.1940437448107284,1.1940437448107284
3,egy_ujaen-ud-test_Case=Sup,4.58257569495584,0.0,0.0
