,Treebank,hu_szeged-ud-dev_Case=Ine,hu_szeged-ud-test_Case=Ine,hu_szeged-ud-train_Case=Ine,fi_ood-ud-test_Case=Ine,et_ewt-ud-train_Case=Ine,et_ewt-ud-test_Case=Ine,et_ewt-ud-dev_Case=Ine,si_stb-ud-test_Case=Ine,olo_kkpp-ud-test_Case=Ine,olo_kkpp-ud-train_Case=Ine,mdf_jr-ud-test_Case=Ine,mdf_jr-ud-train_Case=Ine,vep_vwt-ud-test_Case=Ine,fi_tdt-ud-train_Case=Ine,fi_tdt-ud-test_Case=Ine,fi_tdt-ud-dev_Case=Ine,myv_jr-ud-test_Case=Ine,myv_jr-ud-train_Case=Ine,kpv_ikdp-ud-test_Case=Ine,kpv_lattice-ud-test_Case=Ine,kpv_lattice-ud-train_Case=Ine,fi_pud-ud-test_Case=Ine,et_edt-ud-dev_Case=Ine,et_edt-ud-train_Case=Ine,et_edt-ud-test_Case=Ine,koi_uh-ud-train_Case=Ine,koi_uh-ud-test_Case=Ine,arr_tudet-ud-test_Case=Ine,krl_kkpp-ud-test_Case=Ine,eu_bdt-ud-train_Case=Ine,eu_bdt-ud-test_Case=Ine,eu_bdt-ud-dev_Case=Ine,fi_ftb-ud-dev_Case=Ine,fi_ftb-ud-train_Case=Ine,fi_ftb-ud-test_Case=Ine,ab_abnc-ud-test_Case=Ine
0,kmr_mg-ud-train_Case=Con,71.42916071185493,45.92430366011734,25.608244809359086,500.512112740541,11.973930014828047,11.973930014828047,11.973930014828047,11.973930014828047,11.973930014828047,11.973930014828047,11.973930014828047,11.973930014828047,11.973930014828047,158.55221843768712,64.42992317238941,102.89281100035879,11.973930014828047,11.973930014828047,11.973930014828047,251.44457639806032,11.973930014828047,72.29903533384164,11.973930014828047,11.973930014828047,11.973930014828047,11.973930014828047,11.973930014828047,11.973930014828047,11.973930014828047,11.973930014828047,11.973930014828047,11.973930014828047,11.973930014828047,11.973930014828047,11.973930014828047,11.973930014828047
1,kmr_mg-ud-test_Case=Con,72.78499709500935,47.10286111000324,26.59517625498761,502.279519810532,9.907268912419791,9.907268912419791,9.907268912419791,9.907268912419791,9.907268912419791,9.907268912419791,9.907268912419791,9.907268912419791,9.907268912419791,160.2244714758782,66.03901605518193,104.54350562973725,9.907268912419791,9.907268912419791,9.907268912419791,253.24031595884975,9.907268912419791,73.87060226898221,9.907268912419791,9.907268912419791,9.907268912419791,9.907268912419791,9.907268912419791,9.907268912419791,9.907268912419791,9.907268912419791,9.907268912419791,9.907268912419791,9.907268912419791,9.907268912419791,9.907268912419791,9.907268912419791
