,Treebank,ml_ufal-ud-test_Case=Ben,egy_ujaen-ud-test_Case=Ben,si_stb-ud-test_Case=Ben,ta_mwtt-ud-test_Case=Ben,eu_bdt-ud-train_Case=Ben,eu_bdt-ud-test_Case=Ben,eu_bdt-ud-dev_Case=Ben,am_att-ud-test_Case=Ben,ab_abnc-ud-test_Case=Ben
0,hu_szeged-ud-dev_Case=Sup,0.08635054556386229,1.0734914778194846,1.0734914778194846,0.08635054556386229,0.2209039552389212,0.538826035653165,0.392030355071879,1.0734914778194846,0.08635054556386229
1,hu_szeged-ud-test_Case=Sup,0.17786456215091254,1.1623597751615378,1.1623597751615378,0.17786456215091254,0.15788465288950598,0.46564040595111683,0.3063060930102982,1.1623597751615378,0.17786456215091254
2,hu_szeged-ud-train_Case=Sup,0.2125409675855333,1.1940437448107284,1.1940437448107284,0.2125409675855333,0.14344389001584187,0.43726142585428407,0.2801051568299849,1.1940437448107284,0.2125409675855333
3,egy_ujaen-ud-test_Case=Sup,1.0,0.0,0.0,1.0,1.2595815691740142,1.573311362056255,1.425181345833614,0.0,1.0
