,Treebank,ess_sli-ud-test_Case=Equ,gub_tudet-ud-test_Case=Equ,egy_ujaen-ud-test_Case=Equ,ky_ktmu-ud-test_Case=Equ,tt_nmctt-ud-test_Case=Equ,tr_gb-ud-test_Case=Equ,ota_boun-ud-train_Case=Equ,ota_boun-ud-test_Case=Equ,qtd_sagt-ud-test_Case=Equ,qtd_sagt-ud-dev_Case=Equ,qtd_sagt-ud-train_Case=Equ,tr_imst-ud-train_Case=Equ,tr_imst-ud-dev_Case=Equ,tr_imst-ud-test_Case=Equ,tr_boun-ud-dev_Case=Equ,tr_boun-ud-test_Case=Equ,tr_boun-ud-train_Case=Equ
0,ml_ufal-ud-test_Case=Ben,0.0,1.0,1.0,1.0,1.0,1.0,1.0,1.0,1.0,1.0,1.0,1.0,1.0,1.0,1.0,1.0,1.0
1,egy_ujaen-ud-test_Case=Ben,1.0,0.0,0.0,0.0,0.0,0.0,0.0,0.0,0.0,0.0,0.0,0.0,0.0,0.0,0.0,0.0,0.0
2,si_stb-ud-test_Case=Ben,1.0,0.0,0.0,0.0,0.0,0.0,0.0,0.0,0.0,0.0,0.0,0.0,0.0,0.0,0.0,0.0,0.0
3,ta_mwtt-ud-test_Case=Ben,0.0,1.0,1.0,1.0,1.0,1.0,1.0,1.0,1.0,1.0,1.0,1.0,1.0,1.0,1.0,1.0,1.0
4,eu_bdt-ud-train_Case=Ben,0.28037336083580466,1.2595815691740142,1.2595815691740142,1.2595815691740142,1.2595815691740142,1.2595815691740142,1.2595815691740142,1.2595815691740142,1.2595815691740142,1.2595815691740142,1.2595815691740142,1.2595815691740142,1.2595815691740142,1.2595815691740142,1.2595815691740142,1.2595815691740142,1.2595815691740142
5,eu_bdt-ud-test_Case=Ben,0.6034878050666787,1.573311362056255,1.573311362056255,1.573311362056255,1.573311362056255,1.573311362056255,1.573311362056255,1.573311362056255,1.573311362056255,1.573311362056255,1.573311362056255,1.573311362056255,1.573311362056255,1.573311362056255,1.573311362056255,1.573311362056255,1.573311362056255
6,eu_bdt-ud-dev_Case=Ben,0.4556450995538138,1.425181345833614,1.425181345833614,1.425181345833614,1.425181345833614,1.425181345833614,1.425181345833614,1.425181345833614,1.425181345833614,1.425181345833614,1.425181345833614,1.425181345833614,1.425181345833614,1.425181345833614,1.425181345833614,1.425181345833614,1.425181345833614
7,am_att-ud-test_Case=Ben,1.0,0.0,0.0,0.0,0.0,0.0,0.0,0.0,0.0,0.0,0.0,0.0,0.0,0.0,0.0,0.0,0.0
8,ab_abnc-ud-test_Case=Ben,0.0,1.0,1.0,1.0,1.0,1.0,1.0,1.0,1.0,1.0,1.0,1.0,1.0,1.0,1.0,1.0,1.0
