,Treebank,sah_yktdt-ud-test_Case=Cmp,ml_ufal-ud-test_Case=Cmp,egy_ujaen-ud-test_Case=Cmp,mdf_jr-ud-test_Case=Cmp,myv_jr-ud-test_Case=Cmp,myv_jr-ud-train_Case=Cmp,kpv_lattice-ud-test_Case=Cmp,sjo_xdt-ud-test_Case=Cmp,koi_uh-ud-train_Case=Cmp,gu_gujtb-ud-test_Case=Cmp
0,ml_ufal-ud-test_Case=Ben,0.0,1.4142135623730951,1.0,1.0,1.0,12.0,1.0,9.899494936611665,1.0,0.0
1,egy_ujaen-ud-test_Case=Ben,1.0,2.23606797749979,0.0,0.0,0.0,12.84523257866513,0.0,10.63014581273465,0.0,1.0
2,si_stb-ud-test_Case=Ben,1.0,2.23606797749979,0.0,0.0,0.0,12.84523257866513,0.0,10.63014581273465,0.0,1.0
3,ta_mwtt-ud-test_Case=Ben,0.0,1.4142135623730951,1.0,1.0,1.0,12.0,1.0,9.899494936611665,1.0,0.0
4,eu_bdt-ud-train_Case=Ben,0.28037336083580466,1.2532648217874212,1.2595815691740142,1.2595815691740142,1.2595815691740142,11.776323018015471,1.2595815691740142,9.722296727929612,1.2595815691740142,0.28037336083580466
5,eu_bdt-ud-test_Case=Ben,0.6034878050666787,1.1194134266449935,1.573311362056255,1.573311362056255,1.573311362056255,11.514617655531877,1.573311362056255,9.517689832784342,1.573311362056255,0.6034878050666787
6,eu_bdt-ud-dev_Case=Ben,0.4556450995538138,1.1764705882352942,1.425181345833614,1.425181345833614,1.425181345833614,11.63040996638378,1.425181345833614,9.614723426827965,1.425181345833614,0.4556450995538138
7,am_att-ud-test_Case=Ben,1.0,2.23606797749979,0.0,0.0,0.0,12.84523257866513,0.0,10.63014581273465,0.0,1.0
8,ab_abnc-ud-test_Case=Ben,0.0,1.4142135623730951,1.0,1.0,1.0,12.0,1.0,9.899494936611665,1.0,0.0
