,Treebank,kpv_ikdp-ud-test_Case=Egr,kpv_lattice-ud-test_Case=Egr,kpv_lattice-ud-train_Case=Egr,koi_uh-ud-train_Case=Egr,koi_uh-ud-test_Case=Egr
0,kpv_ikdp-ud-test_Case=Egr,0.0,6.745368781616021,4.58257569495584,4.58257569495584,4.58257569495584
1,kpv_lattice-ud-test_Case=Egr,6.745368781616021,0.0,10.36822067666386,10.36822067666386,10.36822067666386
2,kpv_lattice-ud-train_Case=Egr,4.58257569495584,10.36822067666386,0.0,0.0,0.0
3,koi_uh-ud-train_Case=Egr,4.58257569495584,10.36822067666386,0.0,0.0,0.0
4,koi_uh-ud-test_Case=Egr,4.58257569495584,10.36822067666386,0.0,0.0,0.0
