,Treebank,hu_szeged-ud-dev_Case=Sbl,hu_szeged-ud-test_Case=Sbl,hu_szeged-ud-train_Case=Sbl
0,mdf_jr-ud-test_Case=Prl,0.38125627703306963,0.424439438559605,0.40274153038901506
1,myv_jr-ud-test_Case=Prl,0.6036965574952691,0.6657883282801921,0.6398716010062806
2,myv_jr-ud-train_Case=Prl,0.5915079090220329,0.6493570245122996,0.6252529073103822
3,kpv_ikdp-ud-test_Case=Prl,1.2622811750152136,1.1840852064015472,1.2136052062629963
4,kpv_lattice-ud-test_Case=Prl,1.2266584586184184,1.285506787547629,1.2615209699581929
5,koi_uh-ud-test_Case=Prl,0.2858773475129578,0.20286823403356452,0.23092293421550486
