,Treebank,sah_yktdt-ud-test_Case=Cmp,ml_ufal-ud-test_Case=Cmp,egy_ujaen-ud-test_Case=Cmp,mdf_jr-ud-test_Case=Cmp,myv_jr-ud-test_Case=Cmp,myv_jr-ud-train_Case=Cmp,kpv_lattice-ud-test_Case=Cmp,sjo_xdt-ud-test_Case=Cmp,koi_uh-ud-train_Case=Cmp,gu_gujtb-ud-test_Case=Cmp
0,hu_szeged-ud-dev_Case=Cau,14.89966442575134,14.212670403551895,15.652475842498529,15.652475842498529,15.652475842498529,12.083045973594572,15.652475842498529,12.884098726725126,15.652475842498529,14.89966442575134
1,hu_szeged-ud-test_Case=Cau,20.54263858417414,19.849433241279208,21.283796653792763,21.283796653792763,21.283796653792763,16.30950643030009,21.283796653792763,17.60681686165901,21.283796653792763,20.54263858417414
2,hu_szeged-ud-train_Case=Cau,18.841443681416774,18.027756377319946,19.697715603592208,19.697715603592208,19.697715603592208,13.30413469565007,19.697715603592208,15.132745950421556,19.697715603592208,18.841443681416774
3,egy_ujaen-ud-test_Case=Cau,1.0,2.23606797749979,0.0,0.0,0.0,12.84523257866513,0.0,10.63014581273465,0.0,1.0
4,mdf_jr-ud-test_Case=Cau,1.0,2.23606797749979,0.0,0.0,0.0,12.84523257866513,0.0,10.63014581273465,0.0,1.0
5,wbp_ufal-ud-test_Case=Cau,1.0,2.23606797749979,0.0,0.0,0.0,12.84523257866513,0.0,10.63014581273465,0.0,1.0
6,eu_bdt-ud-train_Case=Cau,1.0,2.23606797749979,0.0,0.0,0.0,12.84523257866513,0.0,10.63014581273465,0.0,1.0
7,eu_bdt-ud-test_Case=Cau,1.0,2.23606797749979,0.0,0.0,0.0,12.84523257866513,0.0,10.63014581273465,0.0,1.0
8,eu_bdt-ud-dev_Case=Cau,1.0,2.23606797749979,0.0,0.0,0.0,12.84523257866513,0.0,10.63014581273465,0.0,1.0
