,Treebank,sah_yktdt-ud-test_Case=Cmp,ml_ufal-ud-test_Case=Cmp,egy_ujaen-ud-test_Case=Cmp,mdf_jr-ud-test_Case=Cmp,myv_jr-ud-test_Case=Cmp,myv_jr-ud-train_Case=Cmp,kpv_lattice-ud-test_Case=Cmp,sjo_xdt-ud-test_Case=Cmp,koi_uh-ud-train_Case=Cmp,gu_gujtb-ud-test_Case=Cmp
0,kmr_mg-ud-train_Case=Con,11.062323444918793,9.968701018688442,11.973930014828047,11.973930014828047,11.973930014828047,7.3739406018763125,11.973930014828047,8.965210538520553,11.973930014828047,11.062323444918793
1,kmr_mg-ud-test_Case=Con,9.000443983578798,7.982688793175709,9.907268912419791,9.907268912419791,9.907268912419791,7.071116788136566,9.907268912419791,8.123182510033908,9.907268912419791,9.000443983578798
