,Treebank,hi_pud-ud-test_Case=Erg,ess_sli-ud-test_Case=Erg,mr_ufal-ud-dev_Case=Erg,mr_ufal-ud-test_Case=Erg,mr_ufal-ud-train_Case=Erg,wbp_ufal-ud-test_Case=Erg,ka_glc-ud-test_Case=Erg,eu_bdt-ud-train_Case=Erg,eu_bdt-ud-test_Case=Erg,eu_bdt-ud-dev_Case=Erg,gu_gujtb-ud-test_Case=Erg
0,kmr_mg-ud-train_Case=Con,11.062323444918793,11.973930014828047,11.973930014828047,11.973930014828047,11.973930014828047,11.973930014828047,11.973930014828047,11.973930014828047,11.973930014828047,11.973930014828047,11.973930014828047
1,kmr_mg-ud-test_Case=Con,9.000443983578798,9.907268912419791,9.907268912419791,9.907268912419791,9.907268912419791,9.907268912419791,9.907268912419791,9.907268912419791,9.907268912419791,9.907268912419791,9.907268912419791
