,Treebank,ess_sli-ud-test_Case=Per,tpn_tudet-ud-test_Case=Per,wbp_ufal-ud-test_Case=Per
0,kmr_mg-ud-train_Case=Con,10.767105254224811,11.973930014828047,11.973930014828047
1,kmr_mg-ud-test_Case=Con,8.708808920276836,9.907268912419791,9.907268912419791
