,Treebank,hu_szeged-ud-dev_Case=Tem,hu_szeged-ud-test_Case=Tem,hu_szeged-ud-train_Case=Tem,fa_seraji-ud-dev_Case=Tem,fa_seraji-ud-test_Case=Tem,fa_seraji-ud-train_Case=Tem,gub_tudet-ud-test_Case=Tem,lzh_tuecl-ud-test_Case=Tem,apu_ufpa-ud-test_Case=Tem,egy_ujaen-ud-test_Case=Tem,nyq_aha-ud-test_Case=Tem,mdf_jr-ud-test_Case=Tem,mdf_jr-ud-train_Case=Tem,myv_jr-ud-test_Case=Tem,myv_jr-ud-train_Case=Tem,kfm_aha-ud-test_Case=Tem,soj_aha-ud-test_Case=Tem,he_htb-ud-train_Case=Tem,lzh_kyoto-ud-dev_Case=Tem,lzh_kyoto-ud-train_Case=Tem,lzh_kyoto-ud-test_Case=Tem,gu_gujtb-ud-test_Case=Tem
0,hu_szeged-ud-dev_Case=Sbl,0.1543650575724279,0.2858773475129578,0.2858773475129578,1.2622811750152136,1.2622811750152136,1.2622811750152136,0.2858773475129578,1.2622811750152136,1.2622811750152136,1.2622811750152136,1.2622811750152136,1.2622811750152136,1.2622811750152136,1.331032808927413,3.361942309198536,1.2622811750152136,1.2622811750152136,7.1397552971220435,1.2622811750152136,1.2622811750152136,1.2622811750152136,4.067780984380896
1,hu_szeged-ud-test_Case=Sbl,0.12654857935310096,0.20286823403356452,0.20286823403356452,1.1840852064015472,1.1840852064015472,1.1840852064015472,0.20286823403356452,1.1840852064015472,1.1840852064015472,1.1840852064015472,1.1840852064015472,1.1840852064015472,1.1840852064015472,1.4015336980176318,3.4115831927833966,1.1840852064015472,1.1840852064015472,7.2065909078329895,1.1840852064015472,1.1840852064015472,1.1840852064015472,4.118063714109169
2,hu_szeged-ud-train_Case=Sbl,0.1322959969726638,0.23092293421550486,0.23092293421550486,1.2136052062629963,1.2136052062629963,1.2136052062629963,0.23092293421550486,1.2136052062629963,1.2136052062629963,1.2136052062629963,1.2136052062629963,1.2136052062629963,1.2136052062629963,1.3758240429686697,3.3918350363397423,1.2136052062629963,1.2136052062629963,7.181040996386986,1.2136052062629963,1.2136052062629963,1.2136052062629963,4.098144557745718
