,Treebank,hu_szeged-ud-dev_Case=Abs,hu_szeged-ud-test_Case=Abs,hu_szeged-ud-train_Case=Abs,ess_sli-ud-test_Case=Abs,hit_hittb-ud-test_Case=Abs,mr_ufal-ud-dev_Case=Abs,mr_ufal-ud-test_Case=Abs,mr_ufal-ud-train_Case=Abs,wbp_ufal-ud-test_Case=Abs,nhi_itml-ud-test_Case=Abs,azz_itml-ud-test_Case=Abs,eu_bdt-ud-train_Case=Abs,eu_bdt-ud-test_Case=Abs,eu_bdt-ud-dev_Case=Abs,gu_gujtb-ud-test_Case=Abs
0,hu_szeged-ud-dev_Case=Sbl,0.16935034216070238,0.2328179213533759,0.1614412386471309,1.2622811750152136,1.2622811750152136,1.2622811750152136,1.2622811750152136,86.0516584814506,1.2622811750152136,20.579472440995563,6.41755492403196,39.55868476644113,39.46991436981378,30.859981996121125,1.2622811750152136
1,hu_szeged-ud-test_Case=Sbl,0.1680197792255537,0.15883364862108423,0.12541742050792448,1.1840852064015472,1.1840852064015472,1.1840852064015472,1.1840852064015472,86.1196699163311,1.1840852064015472,20.6506288064827,6.496345995308303,39.633941818531945,39.54495217444462,30.935267298165098,1.1840852064015472
2,hu_szeged-ud-train_Case=Sbl,0.16021762379034254,0.18135476894140642,0.13430906306564758,1.2136052062629963,1.2136052062629963,1.2136052062629963,1.2136052062629963,86.09248945195912,1.2136052062629963,20.624083337388324,6.46555839947584,39.60498949018502,39.5159930824891,30.906226564484715,1.2136052062629963
