,Treebank,hu_szeged-ud-dev_Case=Tem,hu_szeged-ud-test_Case=Tem,hu_szeged-ud-train_Case=Tem,fa_seraji-ud-dev_Case=Tem,fa_seraji-ud-test_Case=Tem,fa_seraji-ud-train_Case=Tem,gub_tudet-ud-test_Case=Tem,lzh_tuecl-ud-test_Case=Tem,apu_ufpa-ud-test_Case=Tem,egy_ujaen-ud-test_Case=Tem,nyq_aha-ud-test_Case=Tem,mdf_jr-ud-test_Case=Tem,mdf_jr-ud-train_Case=Tem,myv_jr-ud-test_Case=Tem,myv_jr-ud-train_Case=Tem,kfm_aha-ud-test_Case=Tem,soj_aha-ud-test_Case=Tem,he_htb-ud-train_Case=Tem,lzh_kyoto-ud-dev_Case=Tem,lzh_kyoto-ud-train_Case=Tem,lzh_kyoto-ud-test_Case=Tem,gu_gujtb-ud-test_Case=Tem
0,urb_tudet-ud-test_Case=Aff,22.589405702673986,22.58317958127243,22.58317958127243,22.561028345356956,22.561028345356956,22.561028345356956,22.58317958127243,22.561028345356956,22.561028345356956,22.561028345356956,22.561028345356956,22.561028345356956,22.561028345356956,22.6960593740656,22.967368155711704,22.561028345356956,22.561028345356956,23.997395692032917,22.561028345356956,22.561028345356956,22.561028345356956,23.108440016582687
1,_Case=Aff,1.1319231422671772,1.0,1.0,0.0,0.0,0.0,1.0,0.0,0.0,0.0,0.0,0.0,0.0,2.472066162365221,4.301162633521313,0.0,0.0,8.299096336348915,0.0,0.0,0.0,5.0
