,Treebank,si_stb-ud-test_Case=Cns,kpv_lattice-ud-test_Case=Cns,wbp_ufal-ud-test_Case=Cns
0,et_ewt-ud-train_Case=Add,3.6604238741538753,1.1031249959354035,1.1031249959354035
1,et_ewt-ud-test_Case=Add,3.6656059924894944,1.0971739059265513,1.0971739059265513
2,et_ewt-ud-dev_Case=Add,3.6537820757114297,1.1131093143438395,1.1131093143438395
3,et_edt-ud-dev_Case=Add,3.589453940620597,1.1993603737502958,1.1993603737502958
4,et_edt-ud-train_Case=Add,3.566933322809179,1.2279528687939976,1.2279528687939976
5,et_edt-ud-test_Case=Add,3.5350152884883825,1.2709256503688648,1.2709256503688648
