,Treebank,fi_ood-ud-test_Case=Abe,sms_giellagas-ud-test_Case=Abe,sms_giellagas-ud-train_Case=Abe,et_ewt-ud-train_Case=Abe,et_ewt-ud-test_Case=Abe,et_ewt-ud-dev_Case=Abe,gub_tudet-ud-test_Case=Abe,olo_kkpp-ud-test_Case=Abe,olo_kkpp-ud-train_Case=Abe,mdf_jr-ud-test_Case=Abe,fi_tdt-ud-train_Case=Abe,fi_tdt-ud-test_Case=Abe,fi_tdt-ud-dev_Case=Abe,myv_jr-ud-test_Case=Abe,myv_jr-ud-train_Case=Abe,kpv_ikdp-ud-test_Case=Abe,kpv_lattice-ud-test_Case=Abe,fi_pud-ud-test_Case=Abe,et_edt-ud-dev_Case=Abe,et_edt-ud-train_Case=Abe,et_edt-ud-test_Case=Abe,koi_uh-ud-test_Case=Abe,sme_giella-ud-train_Case=Abe,sme_giella-ud-test_Case=Abe,arr_tudet-ud-test_Case=Abe,krl_kkpp-ud-test_Case=Abe,fi_ftb-ud-dev_Case=Abe,fi_ftb-ud-train_Case=Abe,fi_ftb-ud-test_Case=Abe,ab_abnc-ud-test_Case=Abe
0,kpv_ikdp-ud-test_Case=Prp,5.734883511361751,0.0,1.0,3.8273392947447844,9.797958971132713,1.0,1.4142135623730951,1.0,1.0,0.7071067811865476,11.136152337719203,8.12403840463596,2.449489742783178,0.692820323027551,0.7284313590846835,0.0,1.699673171197595,1.4142135623730951,2.874966451763469,3.8746047519032274,3.409545424246464,1.224744871391589,1.0,1.0,0.0,1.4142135623730951,1.0,1.0,1.0,0.0
1,kpv_lattice-ud-test_Case=Prp,17.336538165261125,20.71231517720798,21.494185260204677,17.90533180450668,14.617341299520465,21.494185260204677,19.974984355438178,21.494185260204677,21.494185260204677,20.0124960961895,15.427698755449205,16.401219466856727,19.226717521892983,20.255369658438724,20.00255085773628,20.71231517720798,19.11078811096555,19.974984355438178,18.476377978648213,17.825258335035254,18.179658962697843,19.912307751739878,21.494185260204677,21.494185260204677,20.71231517720798,19.974984355438178,21.494185260204677,21.494185260204677,21.494185260204677,20.71231517720798
