,Treebank,hu_szeged-ud-dev_Case=Del,hu_szeged-ud-test_Case=Del,hu_szeged-ud-train_Case=Del
0,kpv_ikdp-ud-test_Case=Adp,0.37679611017362596,0.41903861724060754,0.37858369917886137
1,kpv_lattice-ud-test_Case=Adp,0.35555555555555557,0.4535305734968795,0.36386768386052737
