,Treebank,ml_ufal-ud-test_Case=Ben,egy_ujaen-ud-test_Case=Ben,si_stb-ud-test_Case=Ben,ta_mwtt-ud-test_Case=Ben,eu_bdt-ud-train_Case=Ben,eu_bdt-ud-test_Case=Ben,eu_bdt-ud-dev_Case=Ben,am_att-ud-test_Case=Ben,ab_abnc-ud-test_Case=Ben
0,et_ewt-ud-train_Case=Add,0.11108241135314532,1.1031249959354035,1.1031249959354035,0.11108241135314532,0.18261630808497387,0.5015344783524129,0.3529679021732764,1.1031249959354035,0.11108241135314532
1,et_ewt-ud-test_Case=Add,0.10958904109589036,1.0971739059265513,1.0971739059265513,0.10958904109589036,0.19268910267151496,0.5089281851307907,0.35517489921883455,1.0971739059265513,0.10958904109589036
2,et_ewt-ud-dev_Case=Add,0.12957670877434005,1.1131093143438395,1.1131093143438395,0.12957670877434005,0.19010545932164907,0.49764879281241536,0.34991684139302226,1.1131093143438395,0.12957670877434005
3,et_edt-ud-dev_Case=Add,0.2233693746936237,1.1993603737502958,1.1993603737502958,0.2233693746936237,0.14277669692630224,0.40878757494705104,0.2707483215574131,1.1993603737502958,0.2233693746936237
4,et_edt-ud-train_Case=Add,0.24901480953538424,1.2279528687939976,1.2279528687939976,0.24901480953538424,0.11904906795298559,0.38316590798493994,0.2353542351706714,1.2279528687939976,0.24901480953538424
5,et_edt-ud-test_Case=Add,0.29244192421024817,1.2709256503688648,1.2709256503688648,0.29244192421024817,0.11751489344081689,0.3463958431769359,0.2032398506594487,1.2709256503688648,0.29244192421024817
