,Treebank,hu_szeged-ud-dev_Case=Ela,hu_szeged-ud-test_Case=Ela,hu_szeged-ud-train_Case=Ela,fi_ood-ud-test_Case=Ela,et_ewt-ud-train_Case=Ela,et_ewt-ud-test_Case=Ela,et_ewt-ud-dev_Case=Ela,egy_ujaen-ud-test_Case=Ela,olo_kkpp-ud-test_Case=Ela,olo_kkpp-ud-train_Case=Ela,mdf_jr-ud-test_Case=Ela,mdf_jr-ud-train_Case=Ela,vep_vwt-ud-test_Case=Ela,fi_tdt-ud-train_Case=Ela,fi_tdt-ud-test_Case=Ela,fi_tdt-ud-dev_Case=Ela,myv_jr-ud-test_Case=Ela,myv_jr-ud-train_Case=Ela,kpv_ikdp-ud-test_Case=Ela,kpv_lattice-ud-test_Case=Ela,kpv_lattice-ud-train_Case=Ela,fi_pud-ud-test_Case=Ela,et_edt-ud-dev_Case=Ela,et_edt-ud-train_Case=Ela,et_edt-ud-test_Case=Ela,wbp_ufal-ud-test_Case=Ela,koi_uh-ud-train_Case=Ela,koi_uh-ud-test_Case=Ela,krl_kkpp-ud-test_Case=Ela,fi_ftb-ud-dev_Case=Ela,fi_ftb-ud-train_Case=Ela,fi_ftb-ud-test_Case=Ela
0,kmr_mg-ud-train_Case=Con,10.989249511274064,10.928464051760075,10.843981336065239,10.026964211304223,10.358331469684476,10.344604882660288,10.310944242129159,11.973930014828047,10.69526088705539,11.062323444918793,12.371001037372306,11.973930014828047,10.571187255932987,9.804650423721903,9.955415135861676,9.834765771493682,10.317254577759488,9.893612658102773,8.218373723959422,9.0618713731245,10.216408370851275,9.334620238167995,10.13360567252303,10.219762983129815,10.105514774680888,11.062323444918793,11.973930014828047,8.993052874302474,10.548734521258936,11.973930014828047,11.973930014828047,11.973930014828047
1,kmr_mg-ud-test_Case=Con,8.927994421634063,8.869349535620952,8.785470248057027,7.934120379007312,8.286052284896304,8.273788204432675,8.233026206098632,9.907268912419791,8.636222340115815,9.000443983578798,13.485712424269778,9.907268912419791,8.532235949368744,7.697888970427267,7.853293862509368,7.734645736466363,8.265654303542687,7.84857898667589,6.231792880849962,7.032921600525655,8.17691913253885,7.19637286715607,8.040315992279124,8.129833502873888,8.013034264614745,9.000443983578798,9.907268912419791,7.010208869776287,8.500315361479565,9.907268912419791,9.907268912419791,9.907268912419791
