,Treebank,ml_ufal-ud-test_Case=Ben,egy_ujaen-ud-test_Case=Ben,si_stb-ud-test_Case=Ben,ta_mwtt-ud-test_Case=Ben,eu_bdt-ud-train_Case=Ben,eu_bdt-ud-test_Case=Ben,eu_bdt-ud-dev_Case=Ben,am_att-ud-test_Case=Ben,ab_abnc-ud-test_Case=Ben
0,urb_tudet-ud-test_Case=Aff,22.58317958127243,22.561028345356956,22.561028345356956,22.58317958127243,22.58913644679545,22.601076124275778,22.59037980016208,22.561028345356956,22.58317958127243
1,_Case=Aff,1.0,0.0,0.0,1.0,1.2595815691740142,1.573311362056255,1.425181345833614,0.0,1.0
