,Treebank,ml_ufal-ud-test_Case=Ben,egy_ujaen-ud-test_Case=Ben,si_stb-ud-test_Case=Ben,ta_mwtt-ud-test_Case=Ben,eu_bdt-ud-train_Case=Ben,eu_bdt-ud-test_Case=Ben,eu_bdt-ud-dev_Case=Ben,am_att-ud-test_Case=Ben,ab_abnc-ud-test_Case=Ben
0,hu_szeged-ud-dev_Case=Cau,14.89966442575134,15.652475842498529,15.652475842498529,14.89966442575134,14.713643587982034,14.496274532052778,14.599616054106889,15.652475842498529,14.89966442575134
1,hu_szeged-ud-test_Case=Cau,20.54263858417414,21.283796653792763,21.283796653792763,20.54263858417414,20.358279927401007,20.141934635585468,20.244867776310045,21.283796653792763,20.54263858417414
2,hu_szeged-ud-train_Case=Cau,18.841443681416774,19.697715603592208,19.697715603592208,18.841443681416774,18.6193926814126,18.370501044935473,18.46702850673362,19.697715603592208,18.841443681416774
3,egy_ujaen-ud-test_Case=Cau,1.0,0.0,0.0,1.0,1.2595815691740142,1.573311362056255,1.425181345833614,0.0,1.0
4,mdf_jr-ud-test_Case=Cau,1.0,0.0,0.0,1.0,1.2595815691740142,1.573311362056255,1.425181345833614,0.0,1.0
5,wbp_ufal-ud-test_Case=Cau,1.0,0.0,0.0,1.0,1.2595815691740142,1.573311362056255,1.425181345833614,0.0,1.0
6,eu_bdt-ud-train_Case=Cau,1.0,0.0,0.0,1.0,1.2595815691740142,1.573311362056255,1.425181345833614,0.0,1.0
7,eu_bdt-ud-test_Case=Cau,1.0,0.0,0.0,1.0,1.2595815691740142,1.573311362056255,1.425181345833614,0.0,1.0
8,eu_bdt-ud-dev_Case=Cau,1.0,0.0,0.0,1.0,1.2595815691740142,1.573311362056255,1.425181345833614,0.0,1.0
