,Treebank,ml_ufal-ud-test_Case=Ben,egy_ujaen-ud-test_Case=Ben,si_stb-ud-test_Case=Ben,ta_mwtt-ud-test_Case=Ben,eu_bdt-ud-train_Case=Ben,eu_bdt-ud-test_Case=Ben,eu_bdt-ud-dev_Case=Ben,am_att-ud-test_Case=Ben,ab_abnc-ud-test_Case=Ben
0,hu_szeged-ud-dev_Case=Del,0.2939723678960656,1.259531560972737,1.259531560972737,0.2939723678960656,0.17095761292490488,0.41573970964154905,0.23552095093761116,1.259531560972737,0.2939723678960656
1,hu_szeged-ud-test_Case=Del,0.10649955403405117,1.08869426309121,1.08869426309121,0.10649955403405117,0.19718436355908103,0.5189021994913247,0.3633154139555963,1.08869426309121,0.10649955403405117
2,hu_szeged-ud-train_Case=Del,0.28019779169211134,1.2452843148017878,1.2452843148017878,0.28019779169211134,0.16844057860574463,0.42469124587279594,0.2428972544307669,1.2452843148017878,0.28019779169211134
