,Treebank,urb_tudet-ud-test_Case=Aff,_Case=Aff
0,hu_szeged-ud-dev_Case=Sbl,22.592881954392357,1.2622811750152136
1,hu_szeged-ud-test_Case=Sbl,22.5920795363335,1.1840852064015472
2,hu_szeged-ud-train_Case=Sbl,22.593645956256566,1.2136052062629963
