,Treebank,fi_ood-ud-test_Case=Abe,sms_giellagas-ud-test_Case=Abe,sms_giellagas-ud-train_Case=Abe,et_ewt-ud-train_Case=Abe,et_ewt-ud-test_Case=Abe,et_ewt-ud-dev_Case=Abe,gub_tudet-ud-test_Case=Abe,olo_kkpp-ud-test_Case=Abe,olo_kkpp-ud-train_Case=Abe,mdf_jr-ud-test_Case=Abe,fi_tdt-ud-train_Case=Abe,fi_tdt-ud-test_Case=Abe,fi_tdt-ud-dev_Case=Abe,myv_jr-ud-test_Case=Abe,myv_jr-ud-train_Case=Abe,kpv_ikdp-ud-test_Case=Abe,kpv_lattice-ud-test_Case=Abe,fi_pud-ud-test_Case=Abe,et_edt-ud-dev_Case=Abe,et_edt-ud-train_Case=Abe,et_edt-ud-test_Case=Abe,koi_uh-ud-test_Case=Abe,sme_giella-ud-train_Case=Abe,sme_giella-ud-test_Case=Abe,arr_tudet-ud-test_Case=Abe,krl_kkpp-ud-test_Case=Abe,fi_ftb-ud-dev_Case=Abe,fi_ftb-ud-train_Case=Abe,fi_ftb-ud-test_Case=Abe,ab_abnc-ud-test_Case=Abe
0,kpv_ikdp-ud-test_Case=Adp,5.456901847914968,0.4714045207910316,1.3743685418725535,3.5564766380643507,9.521904571390467,1.3743685418725535,1.2472191289246473,1.3743685418725535,1.3743685418725535,0.6236095644623235,10.850627222013992,7.84573486395988,2.211083193570267,0.5497474167490215,0.6098213559459855,0.4714045207910316,1.452966314513558,1.247219128924647,2.604601815495787,3.5960747910274327,3.1512784001981733,1.0274023338281628,1.3743685418725535,1.3743685418725535,0.4714045207910316,1.247219128924647,1.3743685418725535,1.3743685418725535,1.3743685418725535,0.4714045207910316
1,kpv_lattice-ud-test_Case=Adp,5.295805468062016,0.5385164807134505,1.5132745950421556,3.3996431718851206,9.378521560814725,1.5132745950421556,1.044030650891055,1.5132745950421556,1.5132745950421556,0.5385164807134505,10.695196221772756,7.7,2.071231517720798,0.36055512754639896,0.46969377779353133,0.5385164807134505,1.2827920936595905,1.1357816691600546,2.444924195345871,3.4354856983359823,3.0066592756745814,0.8888194417315589,1.5132745950421556,1.5132745950421556,0.5385164807134505,1.1357816691600546,1.5132745950421556,1.5132745950421556,1.5132745950421556,0.5385164807134505
