,Treebank,hu_szeged-ud-dev_Case=Cau,hu_szeged-ud-test_Case=Cau,hu_szeged-ud-train_Case=Cau,egy_ujaen-ud-test_Case=Cau,mdf_jr-ud-test_Case=Cau,wbp_ufal-ud-test_Case=Cau,eu_bdt-ud-train_Case=Cau,eu_bdt-ud-test_Case=Cau,eu_bdt-ud-dev_Case=Cau
0,urb_tudet-ud-test_Case=Aff,27.09243436828813,30.56141357987225,29.614185789921695,22.561028345356956,22.561028345356956,22.561028345356956,22.561028345356956,22.561028345356956,22.561028345356956
1,_Case=Aff,15.652475842498529,21.283796653792763,19.697715603592208,0.0,0.0,0.0,0.0,0.0,0.0
