,Treebank,hu_szeged-ud-dev_Case=Ade,hu_szeged-ud-test_Case=Ade,hu_szeged-ud-train_Case=Ade,fi_ood-ud-test_Case=Ade,et_ewt-ud-train_Case=Ade,et_ewt-ud-test_Case=Ade,et_ewt-ud-dev_Case=Ade,olo_kkpp-ud-test_Case=Ade,vep_vwt-ud-test_Case=Ade,fi_tdt-ud-train_Case=Ade,fi_tdt-ud-test_Case=Ade,fi_tdt-ud-dev_Case=Ade,fi_pud-ud-test_Case=Ade,et_edt-ud-dev_Case=Ade,et_edt-ud-train_Case=Ade,et_edt-ud-test_Case=Ade,krl_kkpp-ud-test_Case=Ade,fi_ftb-ud-dev_Case=Ade,fi_ftb-ud-train_Case=Ade,fi_ftb-ud-test_Case=Ade
0,hu_szeged-ud-dev_Case=Sup,0.3204346064472932,0.26403641442397224,0.22423760540038407,0.7472167756257285,0.8630064825754906,0.8423250875183822,1.147133771922829,0.9855581657066244,0.632774269880309,1.0958404582470969,1.125393862780159,1.1319513484893249,1.357687165747482,0.7376639711528076,0.7663240626072705,0.6329830473316114,0.5835476999165297,1.0734914778194846,1.0734914778194846,1.0734914778194846
1,hu_szeged-ud-test_Case=Sup,0.2675188928369197,0.1800459353242811,0.1694672115852182,0.6611459975620041,0.7758781721088227,0.7554726700607058,1.0631016814892098,0.8955164684252053,0.5466790874831028,1.0076588198889682,1.0343934604750784,1.043800822097124,1.2687066428138736,0.6515910644847409,0.6813574557516124,0.5499152155645574,0.49356267934413145,1.1623597751615378,1.1623597751615378,1.1623597751615378
2,hu_szeged-ud-train_Case=Sup,0.23749137838041362,0.15789473684210537,0.15221568355198756,0.6316091988974103,0.7460609025121117,0.7234025309475911,1.0318375999123135,0.8672854800956016,0.5232691849901201,0.9777752631644882,1.0061733078494839,1.0141049718035475,1.2384099631079466,0.6214739675505195,0.6512486101911147,0.5206835702760202,0.4679361364609929,1.1940437448107284,1.1940437448107284,1.1940437448107284
3,egy_ujaen-ud-test_Case=Sup,1.3375584099395434,1.3144621146642357,1.2629330940315089,1.7886065521032837,1.897422799077966,1.8771070193697335,2.166296264635297,2.0006924009208644,1.6593171286204857,2.1333499449356674,2.160771997383269,2.171466165088107,2.3950690043825595,1.7767514466365293,1.8041476170465596,1.6708159613082763,1.6152048534938224,0.0,0.0,0.0
