,Treebank,hu_szeged-ud-dev_Case=Sbl,hu_szeged-ud-test_Case=Sbl,hu_szeged-ud-train_Case=Sbl
0,kpv_ikdp-ud-test_Case=Adp,0.36524710044619363,0.37825519259148327,0.36838868793020346
1,kpv_lattice-ud-test_Case=Adp,0.3335577034666935,0.3823520816797779,0.35600566806308
