,Treebank,hu_szeged-ud-dev_Case=Ade,hu_szeged-ud-test_Case=Ade,hu_szeged-ud-train_Case=Ade,fi_ood-ud-test_Case=Ade,et_ewt-ud-train_Case=Ade,et_ewt-ud-test_Case=Ade,et_ewt-ud-dev_Case=Ade,olo_kkpp-ud-test_Case=Ade,vep_vwt-ud-test_Case=Ade,fi_tdt-ud-train_Case=Ade,fi_tdt-ud-test_Case=Ade,fi_tdt-ud-dev_Case=Ade,fi_pud-ud-test_Case=Ade,et_edt-ud-dev_Case=Ade,et_edt-ud-train_Case=Ade,et_edt-ud-test_Case=Ade,krl_kkpp-ud-test_Case=Ade,fi_ftb-ud-dev_Case=Ade,fi_ftb-ud-train_Case=Ade,fi_ftb-ud-test_Case=Ade
0,kmr_mg-ud-train_Case=Con,10.783740654336972,10.77867031353175,10.838357809188622,10.335575136306002,10.23892280335012,10.261211924334598,10.00894353152639,10.167485927361911,10.459206470856191,10.01754607805161,9.991143135274239,9.971902362874092,9.783828281110699,10.339274428272278,10.313259703021156,10.437061414812241,10.512617976448588,11.973930014828047,11.973930014828047,11.973930014828047
1,kmr_mg-ud-test_Case=Con,8.725046358821459,8.72161198603591,8.778752505406153,8.28375035016278,8.188876024430945,8.210283930076919,7.963538418371807,8.132593403649496,8.402482640819736,7.964232622441444,7.941294087692179,7.914269768385855,7.73119432112509,8.277515055128347,8.25116418708104,8.376777303211023,8.462756479624618,9.907268912419791,9.907268912419791,9.907268912419791
