,Treebank,kpv_ikdp-ud-test_Case=Egr,kpv_lattice-ud-test_Case=Egr,kpv_lattice-ud-train_Case=Egr,koi_uh-ud-train_Case=Egr,koi_uh-ud-test_Case=Egr
0,gub_tudet-ud-test_Case=Ref,3.4960294939005054,9.168181692983378,1.3743685418725535,1.3743685418725535,1.3743685418725535
1,tpn_tudet-ud-test_Case=Ref,4.58257569495584,10.36822067666386,0.0,0.0,0.0
2,gn_oldtudet-ud-test_Case=Ref,4.58257569495584,10.36822067666386,0.0,0.0,0.0
3,eme_tudet-ud-test_Case=Ref,4.58257569495584,10.36822067666386,0.0,0.0,0.0
