,Treebank,hu_szeged-ud-dev_Case=Sbl,hu_szeged-ud-test_Case=Sbl,hu_szeged-ud-train_Case=Sbl
0,kpv_ikdp-ud-test_Case=Prp,0.2858773475129578,0.20286823403356452,0.23092293421550486
1,kpv_lattice-ud-test_Case=Prp,20.505915696964117,20.569060948481212,20.545242367471165
