,Treebank,hu_szeged-ud-dev_Case=Del,hu_szeged-ud-test_Case=Del,hu_szeged-ud-train_Case=Del
0,hu_szeged-ud-dev_Case=Sbl,0.09148527631576477,0.19613109431471784,0.06075013848127915
1,hu_szeged-ud-test_Case=Sbl,0.1407332580004443,0.12860097788222646,0.11558065406558854
2,hu_szeged-ud-train_Case=Sbl,0.11483418067135902,0.14773477220621595,0.09235784186252718
