,Treebank,kpv_ikdp-ud-test_Case=Egr,kpv_lattice-ud-test_Case=Egr,kpv_lattice-ud-train_Case=Egr,koi_uh-ud-train_Case=Egr,koi_uh-ud-test_Case=Egr
0,hu_szeged-ud-dev_Case=Sbl,3.5421521899673944,9.232165978172116,1.2622811750152136,1.2622811750152136,1.2622811750152136
1,hu_szeged-ud-test_Case=Sbl,3.599784542644546,9.299112126834883,1.1840852064015472,1.1840852064015472,1.1840852064015472
2,hu_szeged-ud-train_Case=Sbl,3.5769804047801053,9.272942992546115,1.2136052062629963,1.2136052062629963,1.2136052062629963
