,Treebank,hu_szeged-ud-dev_Case=Ade,hu_szeged-ud-test_Case=Ade,hu_szeged-ud-train_Case=Ade,fi_ood-ud-test_Case=Ade,et_ewt-ud-train_Case=Ade,et_ewt-ud-test_Case=Ade,et_ewt-ud-dev_Case=Ade,olo_kkpp-ud-test_Case=Ade,vep_vwt-ud-test_Case=Ade,fi_tdt-ud-train_Case=Ade,fi_tdt-ud-test_Case=Ade,fi_tdt-ud-dev_Case=Ade,fi_pud-ud-test_Case=Ade,et_edt-ud-dev_Case=Ade,et_edt-ud-train_Case=Ade,et_edt-ud-test_Case=Ade,krl_kkpp-ud-test_Case=Ade,fi_ftb-ud-dev_Case=Ade,fi_ftb-ud-train_Case=Ade,fi_ftb-ud-test_Case=Ade
0,kpv_ikdp-ud-test_Case=Prp,0.4050462936504913,0.335299918733898,0.3082207001484488,0.8146657764756383,0.9298928155685491,0.9091540382121331,1.2126901021904224,1.0526315789473684,0.697614984548545,1.1640891530224247,1.19408613676893,1.2004080938733854,1.4264862419387834,0.8046556425732687,0.8331528819533678,0.6989284488146839,0.6491430649325309,1.0,1.0,1.0
1,kpv_lattice-ud-test_Case=Prp,20.47349658705127,20.468477712855364,20.520599406450096,20.08354350450735,19.997137370780365,20.01762595674086,19.799089641124514,19.963193278445615,20.173084378283193,19.78415179034619,19.761433133557876,19.732376792407727,19.57242036943422,20.05618597099471,20.03268122226912,20.151172446698045,20.243428235324917,21.494185260204677,21.494185260204677,21.494185260204677
