,Treebank,ess_sli-ud-test_Case=Equ,gub_tudet-ud-test_Case=Equ,egy_ujaen-ud-test_Case=Equ,ky_ktmu-ud-test_Case=Equ,tt_nmctt-ud-test_Case=Equ,tr_gb-ud-test_Case=Equ,ota_boun-ud-train_Case=Equ,ota_boun-ud-test_Case=Equ,qtd_sagt-ud-test_Case=Equ,qtd_sagt-ud-dev_Case=Equ,qtd_sagt-ud-train_Case=Equ,tr_imst-ud-train_Case=Equ,tr_imst-ud-dev_Case=Equ,tr_imst-ud-test_Case=Equ,tr_boun-ud-dev_Case=Equ,tr_boun-ud-test_Case=Equ,tr_boun-ud-train_Case=Equ
0,hu_szeged-ud-dev_Case=Del,0.2939723678960656,1.259531560972737,1.259531560972737,1.259531560972737,1.259531560972737,1.259531560972737,1.259531560972737,1.259531560972737,1.259531560972737,1.259531560972737,1.259531560972737,1.259531560972737,1.259531560972737,1.259531560972737,1.259531560972737,1.259531560972737,1.259531560972737
1,hu_szeged-ud-test_Case=Del,0.10649955403405117,1.08869426309121,1.08869426309121,1.08869426309121,1.08869426309121,1.08869426309121,1.08869426309121,1.08869426309121,1.08869426309121,1.08869426309121,1.08869426309121,1.08869426309121,1.08869426309121,1.08869426309121,1.08869426309121,1.08869426309121,1.08869426309121
2,hu_szeged-ud-train_Case=Del,0.28019779169211134,1.2452843148017878,1.2452843148017878,1.2452843148017878,1.2452843148017878,1.2452843148017878,1.2452843148017878,1.2452843148017878,1.2452843148017878,1.2452843148017878,1.2452843148017878,1.2452843148017878,1.2452843148017878,1.2452843148017878,1.2452843148017878,1.2452843148017878,1.2452843148017878
