,Treebank,si_stb-ud-test_Case=Cns,kpv_lattice-ud-test_Case=Cns,wbp_ufal-ud-test_Case=Cns
0,hu_szeged-ud-dev_Case=Sbl,3.539963031010609,1.2622811750152136,1.2622811750152136
1,hu_szeged-ud-test_Case=Sbl,3.599784542644546,1.1840852064015472,1.1840852064015472
2,hu_szeged-ud-train_Case=Sbl,3.5769804047801053,1.2136052062629963,1.2136052062629963
