,Treebank,et_ewt-ud-train_Case=Add,et_ewt-ud-test_Case=Add,et_ewt-ud-dev_Case=Add,et_edt-ud-dev_Case=Add,et_edt-ud-train_Case=Add,et_edt-ud-test_Case=Add
0,kpv_ikdp-ud-test_Case=Prp,0.11108241135314532,0.10958904109589036,0.12957670877434005,0.2233693746936237,0.24901480953538424,0.29244192421024817
1,kpv_lattice-ud-test_Case=Prp,20.613254927256182,20.609838291831952,20.596523738812255,20.496094600619678,20.47847017868875,20.44039741794078
