,Treebank,hu_szeged-ud-dev_Case=Cau,hu_szeged-ud-test_Case=Cau,hu_szeged-ud-train_Case=Cau,egy_ujaen-ud-test_Case=Cau,mdf_jr-ud-test_Case=Cau,wbp_ufal-ud-test_Case=Cau,eu_bdt-ud-train_Case=Cau,eu_bdt-ud-test_Case=Cau,eu_bdt-ud-dev_Case=Cau
0,gub_tudet-ud-test_Case=Ref,14.65908895153068,20.30325644378808,18.56220772310114,1.3743685418725535,1.3743685418725535,1.3743685418725535,1.3743685418725535,1.3743685418725535,1.3743685418725535
1,tpn_tudet-ud-test_Case=Ref,15.652475842498529,21.283796653792763,19.697715603592208,0.0,0.0,0.0,0.0,0.0,0.0
2,gn_oldtudet-ud-test_Case=Ref,15.652475842498529,21.283796653792763,19.697715603592208,0.0,0.0,0.0,0.0,0.0,0.0
3,eme_tudet-ud-test_Case=Ref,15.652475842498529,21.283796653792763,19.697715603592208,0.0,0.0,0.0,0.0,0.0,0.0
