,Treebank,kmr_mg-ud-train_Case=Con,kmr_mg-ud-test_Case=Con
0,gub_tudet-ud-test_Case=Ref,10.767105254224811,8.709088298435265
1,tpn_tudet-ud-test_Case=Ref,11.973930014828047,9.907268912419791
2,gn_oldtudet-ud-test_Case=Ref,11.973930014828047,9.907268912419791
3,eme_tudet-ud-test_Case=Ref,11.973930014828047,9.907268912419791
