,Treebank,hi_pud-ud-test_Case=Erg,ess_sli-ud-test_Case=Erg,mr_ufal-ud-dev_Case=Erg,mr_ufal-ud-test_Case=Erg,mr_ufal-ud-train_Case=Erg,wbp_ufal-ud-test_Case=Erg,ka_glc-ud-test_Case=Erg,eu_bdt-ud-train_Case=Erg,eu_bdt-ud-test_Case=Erg,eu_bdt-ud-dev_Case=Erg,gu_gujtb-ud-test_Case=Erg
0,hu_szeged-ud-dev_Case=Sbl,0.2858773475129578,1.2622811750152136,1.2622811750152136,1.2622811750152136,1.2622811750152136,1.2622811750152136,1.2622811750152136,1.2622811750152136,1.2622811750152136,1.2622811750152136,1.2622811750152136
1,hu_szeged-ud-test_Case=Sbl,0.20286823403356452,1.1840852064015472,1.1840852064015472,1.1840852064015472,1.1840852064015472,1.1840852064015472,1.1840852064015472,1.1840852064015472,1.1840852064015472,1.1840852064015472,1.1840852064015472
2,hu_szeged-ud-train_Case=Sbl,0.23092293421550486,1.2136052062629963,1.2136052062629963,1.2136052062629963,1.2136052062629963,1.2136052062629963,1.2136052062629963,1.2136052062629963,1.2136052062629963,1.2136052062629963,1.2136052062629963
