,Treebank,hu_szeged-ud-dev_Case=Cau,hu_szeged-ud-test_Case=Cau,hu_szeged-ud-train_Case=Cau,egy_ujaen-ud-test_Case=Cau,mdf_jr-ud-test_Case=Cau,wbp_ufal-ud-test_Case=Cau,eu_bdt-ud-train_Case=Cau,eu_bdt-ud-test_Case=Cau,eu_bdt-ud-dev_Case=Cau
0,hu_szeged-ud-dev_Case=Sbl,14.712369587563957,20.35699651847418,18.602855210473795,1.2622811750152136,1.2622811750152136,1.2622811750152136,1.2622811750152136,1.2622811750152136,1.2622811750152136
1,hu_szeged-ud-test_Case=Sbl,14.767235039381944,20.4114580979849,18.678215706714205,1.1840852064015472,1.1840852064015472,1.1840852064015472,1.1840852064015472,1.1840852064015472,1.1840852064015472
2,hu_szeged-ud-train_Case=Sbl,14.745802496141241,20.389731000667847,18.650564852142836,1.2136052062629963,1.2136052062629963,1.2136052062629963,1.2136052062629963,1.2136052062629963,1.2136052062629963
