,Treebank,hu_szeged-ud-dev_Case=Abs,hu_szeged-ud-test_Case=Abs,hu_szeged-ud-train_Case=Abs,ess_sli-ud-test_Case=Abs,hit_hittb-ud-test_Case=Abs,mr_ufal-ud-dev_Case=Abs,mr_ufal-ud-test_Case=Abs,mr_ufal-ud-train_Case=Abs,wbp_ufal-ud-test_Case=Abs,nhi_itml-ud-test_Case=Abs,azz_itml-ud-test_Case=Abs,eu_bdt-ud-train_Case=Abs,eu_bdt-ud-test_Case=Abs,eu_bdt-ud-dev_Case=Abs,gu_gujtb-ud-test_Case=Abs
0,urb_tudet-ud-test_Case=Aff,22.516844016487077,22.586847510738917,22.58887771558614,22.561028345356956,22.561028345356956,22.561028345356956,22.561028345356956,89.46507698538016,22.561028345356956,24.549773074810517,22.294422393084552,39.7418333058248,39.62334284729033,32.817518029293815,22.561028345356956
1,_Case=Aff,1.2824305436059895,1.0796668344321692,1.1213369028548654,0.0,0.0,0.0,0.0,87.14929718592113,0.0,21.703103265616754,7.607222967012422,40.741182744764195,40.65127036035156,32.04328476137671,0.0
