,Treebank,kpv_lattice-ud-test_Case=Apr,koi_uh-ud-test_Case=Apr
0,ml_ufal-ud-test_Case=Ben,5.634713834792322,1.0
1,egy_ujaen-ud-test_Case=Ben,5.545268253204709,0.0
2,si_stb-ud-test_Case=Ben,5.545268253204709,0.0
3,ta_mwtt-ud-test_Case=Ben,5.634713834792322,1.0
4,eu_bdt-ud-train_Case=Ben,5.676745072512219,1.2595815691740142
5,eu_bdt-ud-test_Case=Ben,5.754493681538298,1.573311362056255
6,eu_bdt-ud-dev_Case=Ben,5.689409210333684,1.425181345833614
7,am_att-ud-test_Case=Ben,5.545268253204709,0.0
8,ab_abnc-ud-test_Case=Ben,5.634713834792322,1.0
