,Treebank,et_ewt-ud-train_Case=Add,et_ewt-ud-test_Case=Add,et_ewt-ud-dev_Case=Add,et_edt-ud-dev_Case=Add,et_edt-ud-train_Case=Add,et_edt-ud-test_Case=Add
0,hu_szeged-ud-dev_Case=Sup,0.0693461899585879,0.07191628394081213,0.08843878901828034,0.16988726095195641,0.19153144983786036,0.2324738888440924
1,hu_szeged-ud-test_Case=Sup,0.0986223463897905,0.09889136746345457,0.09922539499717642,0.13040655848670607,0.13687442409001205,0.16813444803501582
2,hu_szeged-ud-train_Case=Sup,0.1295444571885986,0.13134759716645616,0.12891724789309222,0.1321875769155678,0.1332588559828198,0.15865110543051347
3,egy_ujaen-ud-test_Case=Sup,1.1031249959354035,1.0971739059265513,1.1131093143438395,1.1993603737502958,1.2279528687939976,1.2709256503688648
