,Treebank,hu_szeged-ud-dev_Case=Ter,hu_szeged-ud-test_Case=Ter,hu_szeged-ud-train_Case=Ter,et_ewt-ud-train_Case=Ter,et_ewt-ud-test_Case=Ter,et_ewt-ud-dev_Case=Ter,olo_kkpp-ud-test_Case=Ter,vep_vwt-ud-test_Case=Ter,kpv_ikdp-ud-test_Case=Ter,kpv_lattice-ud-test_Case=Ter,et_edt-ud-dev_Case=Ter,et_edt-ud-train_Case=Ter,et_edt-ud-test_Case=Ter,ab_abnc-ud-test_Case=Ter,gu_gujtb-ud-test_Case=Ter
0,mdf_jr-ud-test_Case=Prl,0.38289024311361725,0.5651941652604391,0.46770717334674267,0.3551212625443753,0.4166666666666667,0.4465920335658088,1.1486707293408518,0.5651941652604391,1.1486707293408518,2.023599428870763,0.4361024942529682,0.3971247638298842,0.4063515974232197,0.5651941652604391,0.5651941652604391
1,myv_jr-ud-test_Case=Prl,0.5203238248591442,0.8244316223920575,0.7150417625721047,0.49885285071518504,0.6394170522176169,0.678002581116031,1.086134199811423,0.8244316223920575,1.086134199811423,1.8265130946790427,0.6813135335304124,0.6300765358635906,0.6303299896055662,0.8244316223920575,0.8244316223920575
2,myv_jr-ud-train_Case=Prl,0.5206023787469464,0.8006241061929585,0.6955953579988896,0.5075547878240143,0.6412177865123941,0.6611565561010027,1.1052801096136653,0.8006241061929585,1.1052801096136653,1.8669851599469234,0.6642456406022832,0.6163358046678534,0.6178238387115301,0.8006241061929585,0.8006241061929585
3,kpv_ikdp-ud-test_Case=Prl,1.469861839480328,1.0,1.1288514320120056,1.4713938969562161,1.2747548783981961,1.2165525060596438,2.23606797749979,1.0,2.23606797749979,3.431546328418375,1.1658100334413286,1.2325679372360732,1.2567485880964147,1.0,1.0
4,kpv_lattice-ud-test_Case=Prl,1.1058905131885768,1.4361406616345072,1.3320306135954818,1.0965856099730655,1.25,1.2816005617976296,1.25,1.4361406616345072,1.25,1.5522367008643376,1.2996364470641733,1.2499224952669,1.2427212229911324,1.4361406616345072,1.4361406616345072
5,koi_uh-ud-test_Case=Prl,0.5211573066470477,0.0,0.15590239111558088,0.51478150704935,0.3535533905932738,0.282842712474619,1.4142135623730951,0.0,1.4142135623730951,2.4907993963089563,0.18311646218632124,0.25719503542143074,0.30267496697538676,0.0,0.0
