,Treebank,hu_szeged-ud-dev_Case=Abs,hu_szeged-ud-test_Case=Abs,hu_szeged-ud-train_Case=Abs,ess_sli-ud-test_Case=Abs,hit_hittb-ud-test_Case=Abs,mr_ufal-ud-dev_Case=Abs,mr_ufal-ud-test_Case=Abs,mr_ufal-ud-train_Case=Abs,wbp_ufal-ud-test_Case=Abs,nhi_itml-ud-test_Case=Abs,azz_itml-ud-test_Case=Abs,eu_bdt-ud-train_Case=Abs,eu_bdt-ud-test_Case=Abs,eu_bdt-ud-dev_Case=Abs,gu_gujtb-ud-test_Case=Abs
0,kpv_ikdp-ud-test_Case=Prp,0.31491832864888675,0.1087856586440842,0.16317848796612638,1.0,1.0,1.0,1.0,86.27861844049197,1.0,20.811914915959456,6.669999167083074,39.805698165950666,39.7164186927589,31.107078923747277,1.0
1,kpv_lattice-ud-test_Case=Prp,20.502972975313757,20.653094098899277,20.61244238476093,21.494185260204677,21.494185260204677,21.494185260204677,21.494185260204677,73.95268757793728,21.494185260204677,13.334259227111286,15.765644787180625,28.235017871713747,28.152224777668557,21.12669675292333,21.494185260204677
