,Treebank,hu_szeged-ud-dev_Case=Cau,hu_szeged-ud-test_Case=Cau,hu_szeged-ud-train_Case=Cau,egy_ujaen-ud-test_Case=Cau,mdf_jr-ud-test_Case=Cau,wbp_ufal-ud-test_Case=Cau,eu_bdt-ud-train_Case=Cau,eu_bdt-ud-test_Case=Cau,eu_bdt-ud-dev_Case=Cau
0,mdf_jr-ud-test_Case=Prl,14.45058630106213,20.093185688464413,18.358316311083044,1.5229722402080887,1.5229722402080887,1.5229722402080887,1.5229722402080887,1.5229722402080887,1.5229722402080887
1,myv_jr-ud-test_Case=Prl,14.242413916421144,19.885413938361957,18.112280019368075,1.7831678272108882,1.7831678272108882,1.7831678272108882,1.7831678272108882,1.7831678272108882,1.7831678272108882
2,myv_jr-ud-train_Case=Prl,14.230669931572187,19.875313726671354,18.124009176692574,1.7493866919943548,1.7493866919943548,1.7493866919943548,1.7493866919943548,1.7493866919943548,1.7493866919943548
3,kpv_ikdp-ud-test_Case=Prl,15.652475842498529,21.283796653792763,19.697715603592208,0.0,0.0,0.0,0.0,0.0,0.0
4,kpv_lattice-ud-test_Case=Prl,13.658788379647735,19.301878146957616,17.551709318468102,2.358495283014151,2.358495283014151,2.358495283014151,2.358495283014151,2.358495283014151,2.358495283014151
5,koi_uh-ud-test_Case=Prl,14.89966442575134,20.54263858417414,18.841443681416774,1.0,1.0,1.0,1.0,1.0,1.0
