,Treebank,ess_sli-ud-test_Case=Per,tpn_tudet-ud-test_Case=Per,wbp_ufal-ud-test_Case=Per
0,hu_szeged-ud-dev_Case=Sup,0.42587493492507567,1.0734914778194846,1.0734914778194846
1,hu_szeged-ud-test_Case=Sup,0.3838965266968125,1.1623597751615378,1.1623597751615378
2,hu_szeged-ud-train_Case=Sup,0.37488702909624105,1.1940437448107284,1.1940437448107284
3,egy_ujaen-ud-test_Case=Sup,1.3743685418725535,0.0,0.0
