,Treebank,sah_yktdt-ud-test_Case=Cmp,ml_ufal-ud-test_Case=Cmp,egy_ujaen-ud-test_Case=Cmp,mdf_jr-ud-test_Case=Cmp,myv_jr-ud-test_Case=Cmp,myv_jr-ud-train_Case=Cmp,kpv_lattice-ud-test_Case=Cmp,sjo_xdt-ud-test_Case=Cmp,koi_uh-ud-train_Case=Cmp,gu_gujtb-ud-test_Case=Cmp
0,kpv_ikdp-ud-test_Case=Egr,3.7416573867739413,3.1622776601683795,4.58257569495584,4.58257569495584,4.58257569495584,9.899494936611665,4.58257569495584,8.366600265340756,4.58257569495584,3.7416573867739413
1,kpv_lattice-ud-test_Case=Egr,9.460443964212251,8.631338250816034,10.36822067666386,10.36822067666386,10.36822067666386,7.713624310270756,10.36822067666386,7.842193570679061,10.36822067666386,9.460443964212251
2,kpv_lattice-ud-train_Case=Egr,1.0,2.23606797749979,0.0,0.0,0.0,12.84523257866513,0.0,10.63014581273465,0.0,1.0
3,koi_uh-ud-train_Case=Egr,1.0,2.23606797749979,0.0,0.0,0.0,12.84523257866513,0.0,10.63014581273465,0.0,1.0
4,koi_uh-ud-test_Case=Egr,1.0,2.23606797749979,0.0,0.0,0.0,12.84523257866513,0.0,10.63014581273465,0.0,1.0
