,Treebank,hu_szeged-ud-dev_Case=Abs,hu_szeged-ud-test_Case=Abs,hu_szeged-ud-train_Case=Abs,ess_sli-ud-test_Case=Abs,hit_hittb-ud-test_Case=Abs,mr_ufal-ud-dev_Case=Abs,mr_ufal-ud-test_Case=Abs,mr_ufal-ud-train_Case=Abs,wbp_ufal-ud-test_Case=Abs,nhi_itml-ud-test_Case=Abs,azz_itml-ud-test_Case=Abs,eu_bdt-ud-train_Case=Abs,eu_bdt-ud-test_Case=Abs,eu_bdt-ud-dev_Case=Abs,gu_gujtb-ud-test_Case=Abs
0,hu_szeged-ud-dev_Case=Sup,0.24330873473564232,0.0902356039929175,0.12525568579771715,1.0734914778194846,1.0734914778194846,1.0734914778194846,1.0734914778194846,86.21556355116925,1.0734914778194846,20.747502954660565,6.601900951110368,39.73759607197576,39.64839535935523,31.03896318943042,1.0734914778194846
1,hu_szeged-ud-test_Case=Sup,0.19003259323383015,0.13746807783304993,0.09264736490888378,1.1623597751615378,1.1623597751615378,1.1623597751615378,1.1623597751615378,86.1376706352635,1.1623597751615378,20.66838403856073,6.512200258329403,39.65215299336901,39.563190751018944,30.953457578007555,1.1623597751615378
2,hu_szeged-ud-train_Case=Sup,0.16745885684999698,0.16653411984779862,0.11779219859089997,1.1940437448107284,1.1940437448107284,1.1940437448107284,1.1940437448107284,86.10635448661523,1.1940437448107284,20.64129640750794,6.484425178616636,39.62283126414442,39.53377825480515,30.924023282644168,1.1940437448107284
3,egy_ujaen-ud-test_Case=Sup,1.2824305436059895,1.0796668344321692,1.1213369028548654,0.0,0.0,0.0,0.0,87.14929718592113,0.0,21.703103265616754,7.607222967012422,40.741182744764195,40.65127036035156,32.04328476137671,0.0
