,Treebank,si_stb-ud-test_Case=Cns,kpv_lattice-ud-test_Case=Cns,wbp_ufal-ud-test_Case=Cns
0,mdf_jr-ud-test_Case=Prl,3.3644382063643916,1.5229722402080887,1.5229722402080887
1,myv_jr-ud-test_Case=Prl,3.1905622545250547,1.7831678272108882,1.7831678272108882
2,myv_jr-ud-train_Case=Prl,3.2222561107534946,1.7493866919943548,1.7493866919943548
3,kpv_ikdp-ud-test_Case=Prl,4.58257569495584,0.0,0.0
4,kpv_lattice-ud-test_Case=Prl,2.9261749776799064,2.358495283014151,2.358495283014151
5,koi_uh-ud-test_Case=Prl,3.7416573867739413,1.0,1.0
