,Treebank,mdf_jr-ud-test_Case=Prl,myv_jr-ud-test_Case=Prl,myv_jr-ud-train_Case=Prl,kpv_ikdp-ud-test_Case=Prl,kpv_lattice-ud-test_Case=Prl,koi_uh-ud-test_Case=Prl
0,ess_sli-ud-test_Case=Per,0.45643546458763845,0.6229131828219189,0.5891452701850635,1.3743685418725535,1.2047360245667467,0.4714045207910316
1,tpn_tudet-ud-test_Case=Per,1.5229722402080887,1.7831678272108882,1.7493866919943548,0.0,2.358495283014151,1.0
2,wbp_ufal-ud-test_Case=Per,1.5229722402080887,1.7831678272108882,1.7493866919943548,0.0,2.358495283014151,1.0
