,Treebank,gub_tudet-ud-test_Case=Ref,tpn_tudet-ud-test_Case=Ref,gn_oldtudet-ud-test_Case=Ref,eme_tudet-ud-test_Case=Ref
0,hu_szeged-ud-dev_Case=Sbl,0.36524710044619363,1.2622811750152136,1.2622811750152136,1.2622811750152136
1,hu_szeged-ud-test_Case=Sbl,0.37825519259148327,1.1840852064015472,1.1840852064015472,1.1840852064015472
2,hu_szeged-ud-train_Case=Sbl,0.36838868793020346,1.2136052062629963,1.2136052062629963,1.2136052062629963
