,Treebank,kpv_ikdp-ud-test_Case=Adp,kpv_lattice-ud-test_Case=Adp
0,mdf_jr-ud-test_Case=Prl,0.45643546458763845,0.3179797338056486
1,myv_jr-ud-test_Case=Prl,0.6339635022792891,0.45057833207260795
2,myv_jr-ud-train_Case=Prl,0.6245821819981767,0.47044823313775447
3,kpv_ikdp-ud-test_Case=Prl,1.3743685418725535,1.5132745950421556
4,kpv_lattice-ud-test_Case=Prl,1.2047360245667467,1.05
5,koi_uh-ud-test_Case=Prl,0.4714045207910316,0.5385164807134505
