,Treebank,hi_pud-ud-test_Case=Erg,ess_sli-ud-test_Case=Erg,mr_ufal-ud-dev_Case=Erg,mr_ufal-ud-test_Case=Erg,mr_ufal-ud-train_Case=Erg,wbp_ufal-ud-test_Case=Erg,ka_glc-ud-test_Case=Erg,eu_bdt-ud-train_Case=Erg,eu_bdt-ud-test_Case=Erg,eu_bdt-ud-dev_Case=Erg,gu_gujtb-ud-test_Case=Erg
0,kpv_ikdp-ud-test_Case=Adp,0.4714045207910316,1.3743685418725535,1.3743685418725535,1.3743685418725535,1.3743685418725535,1.3743685418725535,1.3743685418725535,1.3743685418725535,1.3743685418725535,1.3743685418725535,1.3743685418725535
1,kpv_lattice-ud-test_Case=Adp,0.5385164807134505,1.5132745950421556,1.5132745950421556,1.5132745950421556,1.5132745950421556,1.5132745950421556,1.5132745950421556,1.5132745950421556,1.5132745950421556,1.5132745950421556,1.5132745950421556
