,Treebank,hu_szeged-ud-dev_Case=Ela,hu_szeged-ud-test_Case=Ela,hu_szeged-ud-train_Case=Ela,fi_ood-ud-test_Case=Ela,et_ewt-ud-train_Case=Ela,et_ewt-ud-test_Case=Ela,et_ewt-ud-dev_Case=Ela,egy_ujaen-ud-test_Case=Ela,olo_kkpp-ud-test_Case=Ela,olo_kkpp-ud-train_Case=Ela,mdf_jr-ud-test_Case=Ela,mdf_jr-ud-train_Case=Ela,vep_vwt-ud-test_Case=Ela,fi_tdt-ud-train_Case=Ela,fi_tdt-ud-test_Case=Ela,fi_tdt-ud-dev_Case=Ela,myv_jr-ud-test_Case=Ela,myv_jr-ud-train_Case=Ela,kpv_ikdp-ud-test_Case=Ela,kpv_lattice-ud-test_Case=Ela,kpv_lattice-ud-train_Case=Ela,fi_pud-ud-test_Case=Ela,et_edt-ud-dev_Case=Ela,et_edt-ud-train_Case=Ela,et_edt-ud-test_Case=Ela,wbp_ufal-ud-test_Case=Ela,koi_uh-ud-train_Case=Ela,koi_uh-ud-test_Case=Ela,krl_kkpp-ud-test_Case=Ela,fi_ftb-ud-dev_Case=Ela,fi_ftb-ud-train_Case=Ela,fi_ftb-ud-test_Case=Ela
0,kpv_lattice-ud-test_Case=Apr,5.649990142010961,5.6473038537275935,5.670750162668728,5.844187903623526,5.768689187640452,5.740628510503051,5.7597258729941645,5.545268253204709,5.678009855430629,5.634713834792322,19.529891619429602,5.545268253204709,5.689903338370521,5.923646787402798,5.869756428280798,5.906731158920613,5.72465915268813,5.679662967868025,6.500000000000001,5.965493054027296,5.07444578254611,6.112267025697574,5.818526038105719,5.797901468594399,5.820593762166933,5.634713834792322,5.545268253204709,5.937171043518958,5.671930888154404,5.545268253204709,5.545268253204709,5.545268253204709
1,koi_uh-ud-test_Case=Apr,1.0827689526491961,1.146066921150376,1.2450962012087863,2.068522117325686,1.731320857985841,1.7364217584408124,1.7642602345031582,0.0,1.4021363680319483,1.0,20.728402414722332,0.0,1.541103500742244,2.3139522010695543,2.1435170928508476,2.2829522933712147,1.8503197558178164,2.383275057562597,4.123105625617661,3.336825538583822,2.23606797749979,2.8276189821937745,1.96396624581025,1.8700246112386445,1.9906393640009086,1.0,0.0,3.8078865529319543,1.555892027102138,0.0,0.0,0.0
