,Treebank,kpv_ikdp-ud-test_Case=Adp,kpv_lattice-ud-test_Case=Adp
0,ml_ufal-ud-test_Case=Ben,0.4714045207910316,0.5385164807134505
1,egy_ujaen-ud-test_Case=Ben,1.3743685418725535,1.5132745950421556
2,si_stb-ud-test_Case=Ben,1.3743685418725535,1.5132745950421556
3,ta_mwtt-ud-test_Case=Ben,0.4714045207910316,0.5385164807134505
4,eu_bdt-ud-train_Case=Ben,0.3626558621839956,0.3242177631998297
5,eu_bdt-ud-test_Case=Ben,0.46481112585226425,0.2764412289916607
6,eu_bdt-ud-dev_Case=Ben,0.3941127694557212,0.2721820070884535
7,am_att-ud-test_Case=Ben,1.3743685418725535,1.5132745950421556
8,ab_abnc-ud-test_Case=Ben,0.4714045207910316,0.5385164807134505
