,Treebank,hu_szeged-ud-dev_Case=Dis,hu_szeged-ud-test_Case=Dis,hu_szeged-ud-train_Case=Dis
0,kmr_mg-ud-train_Case=Con,11.994790535895156,11.973930014828047,11.973930014828047
1,kmr_mg-ud-test_Case=Con,9.932470855884734,9.907268912419791,9.907268912419791
