,Treebank,fi_ood-ud-test_Case=Par,sah_yktdt-ud-test_Case=Par,sms_giellagas-ud-test_Case=Par,et_ewt-ud-train_Case=Par,et_ewt-ud-test_Case=Par,et_ewt-ud-dev_Case=Par,olo_kkpp-ud-test_Case=Par,olo_kkpp-ud-train_Case=Par,vep_vwt-ud-test_Case=Par,fi_tdt-ud-train_Case=Par,fi_tdt-ud-test_Case=Par,fi_tdt-ud-dev_Case=Par,ru_taiga-ud-train_Case=Par,ru_taiga-ud-dev_Case=Par,ru_taiga-ud-test_Case=Par,fi_pud-ud-test_Case=Par,et_edt-ud-dev_Case=Par,et_edt-ud-train_Case=Par,et_edt-ud-test_Case=Par,ru_syntagrus-ud-train_Case=Par,ru_syntagrus-ud-dev_Case=Par,ru_syntagrus-ud-test_Case=Par,ru_poetry-ud-dev_Case=Par,ru_poetry-ud-train_Case=Par,krl_kkpp-ud-test_Case=Par,eu_bdt-ud-train_Case=Par,eu_bdt-ud-test_Case=Par,eu_bdt-ud-dev_Case=Par,fi_ftb-ud-dev_Case=Par,fi_ftb-ud-train_Case=Par,fi_ftb-ud-test_Case=Par,ru_gsd-ud-dev_Case=Par,ru_gsd-ud-train_Case=Par
0,kpv_ikdp-ud-test_Case=Prp,9.961042212637476,5.542562584220407,1.0,48.29837284690319,43.21959645815241,30.79074536285213,138.84523758487362,1.0,1.0,17.800626985468384,17.760050675603377,16.189549170238305,45.760244754590204,1.0,1.0,20.92150278882548,90.70458532680671,79.39432365368505,80.92028140181397,83.39964028699404,1.0,1.0,1.0,11.489125293076057,34.33674920080543,28.186599209553464,16.803571049035977,10.372927896023123,8.493845726204494,10.403091508297827,10.675569145685767,1.0,1.0
1,kpv_lattice-ud-test_Case=Prp,15.063540754122773,17.891897607576457,21.494185260204677,37.17441191587473,32.94471992045341,22.48710741736251,124.78381305281547,21.494185260204677,21.494185260204677,14.427859650132287,14.46026970702829,14.102368000957858,34.68429039204925,21.494185260204677,21.494185260204677,15.58239307224942,77.75885445636902,66.77900957926455,68.40156255766806,70.16053021464418,21.494185260204677,21.494185260204677,21.494185260204677,14.66287829861518,24.743374222228354,19.921329649398405,14.551975810864997,15.124532365992039,15.306213346011223,14.474357859439133,14.681253528079493,21.494185260204677,21.494185260204677
