,Treebank,hu_szeged-ud-dev_Case=Ter,hu_szeged-ud-test_Case=Ter,hu_szeged-ud-train_Case=Ter,et_ewt-ud-train_Case=Ter,et_ewt-ud-test_Case=Ter,et_ewt-ud-dev_Case=Ter,olo_kkpp-ud-test_Case=Ter,vep_vwt-ud-test_Case=Ter,kpv_ikdp-ud-test_Case=Ter,kpv_lattice-ud-test_Case=Ter,et_edt-ud-dev_Case=Ter,et_edt-ud-train_Case=Ter,et_edt-ud-test_Case=Ter,ab_abnc-ud-test_Case=Ter,gu_gujtb-ud-test_Case=Ter
0,hu_szeged-ud-dev_Case=Sbl,0.29671914622136797,0.2858773475129578,0.14849944515460417,0.30787639293216423,0.280747005463742,0.24372171923260263,1.25303549464662,0.2858773475129578,1.2530354946466202,2.255566306277299,0.16407760068617616,0.1395670711607649,0.19677137201784495,0.2858773475129578,0.2858773475129578
1,hu_szeged-ud-test_Case=Sbl,0.34969167587363525,0.20286823403356452,0.06369903581313331,0.36602604996376636,0.27555390846461003,0.2213031162276699,1.2962458349945813,0.20286823403356452,1.2962458349945813,2.325387783854413,0.11462084108744078,0.14244702872961298,0.20085185733191427,0.20286823403356452,0.20286823403356452
2,hu_szeged-ud-train_Case=Sbl,0.3221678575466359,0.23092293421550486,0.09450804256984706,0.3382646338627616,0.26185741155392717,0.22231275834352862,1.2782070279984956,0.23092293421550486,1.2782070279984956,2.2982161077892997,0.12404819017801787,0.13154480232088425,0.1908682687464766,0.23092293421550486,0.23092293421550486
