,Treebank,hu_szeged-ud-dev_Case=Abs,hu_szeged-ud-test_Case=Abs,hu_szeged-ud-train_Case=Abs,ess_sli-ud-test_Case=Abs,hit_hittb-ud-test_Case=Abs,mr_ufal-ud-dev_Case=Abs,mr_ufal-ud-test_Case=Abs,mr_ufal-ud-train_Case=Abs,wbp_ufal-ud-test_Case=Abs,nhi_itml-ud-test_Case=Abs,azz_itml-ud-test_Case=Abs,eu_bdt-ud-train_Case=Abs,eu_bdt-ud-test_Case=Abs,eu_bdt-ud-dev_Case=Abs,gu_gujtb-ud-test_Case=Abs
0,si_stb-ud-test_Case=Cns,3.47838663085618,3.6810726504632,3.6516187542824374,4.58257569495584,4.58257569495584,4.58257569495584,4.58257569495584,83.68990381163071,4.58257569495584,17.324427911741726,3.8363342291125155,36.30654402894172,36.21529731939771,27.617541889853403,4.58257569495584
1,kpv_lattice-ud-test_Case=Cns,1.2824305436059895,1.0796668344321692,1.1213369028548654,0.0,0.0,0.0,0.0,87.14929718592113,0.0,21.703103265616754,7.607222967012422,40.741182744764195,40.65127036035156,32.04328476137671,0.0
2,wbp_ufal-ud-test_Case=Cns,1.2824305436059895,1.0796668344321692,1.1213369028548654,0.0,0.0,0.0,0.0,87.14929718592113,0.0,21.703103265616754,7.607222967012422,40.741182744764195,40.65127036035156,32.04328476137671,0.0
