,Treebank,si_stb-ud-test_Case=Cns,kpv_lattice-ud-test_Case=Cns,wbp_ufal-ud-test_Case=Cns
0,kmr_mg-ud-train_Case=Con,8.448372624357901,11.973930014828047,11.973930014828047
1,kmr_mg-ud-test_Case=Con,6.590246548178099,9.907268912419791,9.907268912419791
