,Treebank,kmr_mg-ud-train_Case=Con,kmr_mg-ud-test_Case=Con
0,ml_ufal-ud-test_Case=Ben,11.062323444918793,9.000443983578798
1,egy_ujaen-ud-test_Case=Ben,11.973930014828047,9.907268912419791
2,si_stb-ud-test_Case=Ben,11.973930014828047,9.907268912419791
3,ta_mwtt-ud-test_Case=Ben,11.062323444918793,9.000443983578798
4,eu_bdt-ud-train_Case=Ben,10.826611380453773,8.764669113323597
5,eu_bdt-ud-test_Case=Ben,10.533822656238637,8.462689908938723
6,eu_bdt-ud-dev_Case=Ben,10.665790315067266,8.604849066562998
7,am_att-ud-test_Case=Ben,11.973930014828047,9.907268912419791
8,ab_abnc-ud-test_Case=Ben,11.062323444918793,9.000443983578798
