,Treebank,mdf_jr-ud-test_Case=Prl,myv_jr-ud-test_Case=Prl,myv_jr-ud-train_Case=Prl,kpv_ikdp-ud-test_Case=Prl,kpv_lattice-ud-test_Case=Prl,koi_uh-ud-test_Case=Prl
0,mdf_jr-ud-test_Case=Prl,0.0,0.2931509849889643,0.280576146089063,1.5229722402080887,0.8936504412303007,0.5651941652604391
1,myv_jr-ud-test_Case=Prl,0.2931509849889643,0.0,0.1300885027858289,1.7831678272108882,0.6555055301063447,0.8244316223920575
2,myv_jr-ud-train_Case=Prl,0.280576146089063,0.1300885027858289,0.0,1.7493866919943548,0.6552140192564387,0.8006241061929585
3,kpv_ikdp-ud-test_Case=Prl,1.5229722402080887,1.7831678272108882,1.7493866919943548,0.0,2.358495283014151,1.0
4,kpv_lattice-ud-test_Case=Prl,0.8936504412303007,0.6555055301063447,0.6552140192564387,2.358495283014151,0.0,1.4361406616345072
5,koi_uh-ud-test_Case=Prl,0.5651941652604391,0.8244316223920575,0.8006241061929585,1.0,1.4361406616345072,0.0
