,Treebank,kmr_mg-ud-train_Case=Con,kmr_mg-ud-test_Case=Con
0,hu_szeged-ud-dev_Case=Del,10.825139351311309,8.769944692117583
1,hu_szeged-ud-test_Case=Del,10.979993406122233,8.920181362962257
2,hu_szeged-ud-train_Case=Del,10.837597095411379,8.782270250306956
