,Treebank,sah_yktdt-ud-test_Case=Cmp,ml_ufal-ud-test_Case=Cmp,egy_ujaen-ud-test_Case=Cmp,mdf_jr-ud-test_Case=Cmp,myv_jr-ud-test_Case=Cmp,myv_jr-ud-train_Case=Cmp,kpv_lattice-ud-test_Case=Cmp,sjo_xdt-ud-test_Case=Cmp,koi_uh-ud-train_Case=Cmp,gu_gujtb-ud-test_Case=Cmp
0,hu_szeged-ud-dev_Case=Del,0.2939723678960656,1.259531560972737,1.259531560972737,1.259531560972737,1.259531560972737,11.793490566964746,1.259531560972737,9.70554124529887,1.259531560972737,0.2939723678960656
1,hu_szeged-ud-test_Case=Del,0.10649955403405117,1.3555180233147737,1.08869426309121,1.08869426309121,1.08869426309121,11.927791569281668,1.08869426309121,9.838391680079708,1.08869426309121,0.10649955403405117
2,hu_szeged-ud-train_Case=Del,0.28019779169211134,1.2673944059553497,1.2452843148017878,1.2452843148017878,1.2452843148017878,11.804926453826257,1.2452843148017878,9.725148369175102,1.2452843148017878,0.28019779169211134
