,Treebank,fi_ood-ud-test_Case=Par,sah_yktdt-ud-test_Case=Par,sms_giellagas-ud-test_Case=Par,et_ewt-ud-train_Case=Par,et_ewt-ud-test_Case=Par,et_ewt-ud-dev_Case=Par,olo_kkpp-ud-test_Case=Par,olo_kkpp-ud-train_Case=Par,vep_vwt-ud-test_Case=Par,fi_tdt-ud-train_Case=Par,fi_tdt-ud-test_Case=Par,fi_tdt-ud-dev_Case=Par,ru_taiga-ud-train_Case=Par,ru_taiga-ud-dev_Case=Par,ru_taiga-ud-test_Case=Par,fi_pud-ud-test_Case=Par,et_edt-ud-dev_Case=Par,et_edt-ud-train_Case=Par,et_edt-ud-test_Case=Par,ru_syntagrus-ud-train_Case=Par,ru_syntagrus-ud-dev_Case=Par,ru_syntagrus-ud-test_Case=Par,ru_poetry-ud-dev_Case=Par,ru_poetry-ud-train_Case=Par,krl_kkpp-ud-test_Case=Par,eu_bdt-ud-train_Case=Par,eu_bdt-ud-test_Case=Par,eu_bdt-ud-dev_Case=Par,fi_ftb-ud-dev_Case=Par,fi_ftb-ud-train_Case=Par,fi_ftb-ud-test_Case=Par,ru_gsd-ud-dev_Case=Par,ru_gsd-ud-train_Case=Par
0,kpv_ikdp-ud-test_Case=Adp,9.663598512001265,5.304924337087403,1.3743685418725535,48.00853036137359,42.933419934187704,30.5034242157973,138.54802616982877,1.3743685418725535,1.3743685418725535,17.502447613861495,17.462577765674293,15.889415888945331,45.463049709504624,1.3743685418725535,1.3743685418725535,20.62551156101965,90.41177533689621,79.10370249758374,80.63091508473214,83.1107026133752,1.3743685418725535,1.3743685418725535,1.3743685418725535,11.20515754264774,34.046446126242905,27.890379414573925,16.50602583570282,10.077869075449762,8.203025250380948,10.109959549777603,10.38528570659193,1.3743685418725535,1.3743685418725535
1,kpv_lattice-ud-test_Case=Adp,9.467356193759972,5.107837115648853,1.5132745950421556,47.80998063406745,42.73507547554207,30.30396013724939,138.35638763714525,1.5132745950421556,1.5132745950421556,17.305865233564294,17.265729060772383,15.691851355553213,45.29558477379445,1.5132745950421556,1.5132745950421556,20.43043486500816,90.21555904291456,78.90807512380732,80.4341918270833,82.96438995135202,1.5132745950421556,1.5132745950421556,1.5132745950421556,11.031319050775387,33.85314873113498,27.699041048382885,16.312878348102764,9.884483686641365,8.00247902463426,9.911914077447879,10.185233408804962,1.5132745950421556,1.5132745950421556
