,Treebank,kpv_ikdp-ud-test_Case=Egr,kpv_lattice-ud-test_Case=Egr,kpv_lattice-ud-train_Case=Egr,koi_uh-ud-train_Case=Egr,koi_uh-ud-test_Case=Egr
0,mdf_jr-ud-test_Case=Prl,3.327077462946188,8.985327546122685,1.5229722402080887,1.5229722402080887,1.5229722402080887
1,myv_jr-ud-test_Case=Prl,3.1245833055518513,8.753124442163495,1.7831678272108882,1.7831678272108882,1.7831678272108882
2,myv_jr-ud-train_Case=Prl,3.1101860111468254,8.774727213372202,1.7493866919943548,1.7493866919943548,1.7493866919943548
3,kpv_ikdp-ud-test_Case=Prl,4.58257569495584,10.36822067666386,0.0,0.0,0.0
4,kpv_lattice-ud-test_Case=Prl,2.75,8.26513762740827,2.358495283014151,2.358495283014151,2.358495283014151
5,koi_uh-ud-test_Case=Prl,3.7416573867739413,9.460443964212251,1.0,1.0,1.0
