,Treebank,ess_sli-ud-test_Case=Per,tpn_tudet-ud-test_Case=Per,wbp_ufal-ud-test_Case=Per
0,ml_ufal-ud-test_Case=Ben,0.4714045207910316,1.0,1.0
1,egy_ujaen-ud-test_Case=Ben,1.3743685418725535,0.0,0.0
2,si_stb-ud-test_Case=Ben,1.3743685418725535,0.0,0.0
3,ta_mwtt-ud-test_Case=Ben,0.4714045207910316,1.0,1.0
4,eu_bdt-ud-train_Case=Ben,0.3626558621839956,1.2595815691740142,1.2595815691740142
5,eu_bdt-ud-test_Case=Ben,0.46481112585226425,1.573311362056255,1.573311362056255
6,eu_bdt-ud-dev_Case=Ben,0.39411276945572116,1.425181345833614,1.425181345833614
7,am_att-ud-test_Case=Ben,1.3743685418725535,0.0,0.0
8,ab_abnc-ud-test_Case=Ben,0.4714045207910316,1.0,1.0
