,Treebank,hu_szeged-ud-dev_Case=Del,hu_szeged-ud-test_Case=Del,hu_szeged-ud-train_Case=Del
0,si_stb-ud-test_Case=Cns,3.5477344535754676,3.6728194925118047,3.558348512414498
1,kpv_lattice-ud-test_Case=Cns,1.259531560972737,1.08869426309121,1.2452843148017878
2,wbp_ufal-ud-test_Case=Cns,1.259531560972737,1.08869426309121,1.2452843148017878
