,Treebank,hu_szeged-ud-dev_Case=Abs,hu_szeged-ud-test_Case=Abs,hu_szeged-ud-train_Case=Abs,ess_sli-ud-test_Case=Abs,hit_hittb-ud-test_Case=Abs,mr_ufal-ud-dev_Case=Abs,mr_ufal-ud-test_Case=Abs,mr_ufal-ud-train_Case=Abs,wbp_ufal-ud-test_Case=Abs,nhi_itml-ud-test_Case=Abs,azz_itml-ud-test_Case=Abs,eu_bdt-ud-train_Case=Abs,eu_bdt-ud-test_Case=Abs,eu_bdt-ud-dev_Case=Abs,gu_gujtb-ud-test_Case=Abs
0,kpv_lattice-ud-test_Case=Apr,5.691627895354154,5.6493964698339925,5.626832377417182,5.545268253204709,5.545268253204709,5.545268253204709,5.545268253204709,87.30836156978323,5.545268253204709,22.26974086119305,9.212870569316825,41.01796598426192,40.93268343413596,32.42061090328427,5.545268253204709
1,koi_uh-ud-test_Case=Apr,1.2824305436059895,1.0796668344321692,1.1213369028548654,0.0,0.0,0.0,0.0,87.14929718592113,0.0,21.703103265616754,7.607222967012422,40.741182744764195,40.65127036035156,32.04328476137671,0.0
