,Treebank,sah_yktdt-ud-test_Case=Cmp,ml_ufal-ud-test_Case=Cmp,egy_ujaen-ud-test_Case=Cmp,mdf_jr-ud-test_Case=Cmp,myv_jr-ud-test_Case=Cmp,myv_jr-ud-train_Case=Cmp,kpv_lattice-ud-test_Case=Cmp,sjo_xdt-ud-test_Case=Cmp,koi_uh-ud-train_Case=Cmp,gu_gujtb-ud-test_Case=Cmp
0,hu_szeged-ud-dev_Case=Sup,0.08635054556386229,1.3647449873464612,1.0734914778194846,1.0734914778194846,1.0734914778194846,11.939773073823487,1.0734914778194846,9.848500579433196,1.0734914778194846,0.08635054556386229
1,hu_szeged-ud-test_Case=Sup,0.17786456215091254,1.3085073014793196,1.1623597751615378,1.1623597751615378,1.1623597751615378,11.867484626407768,1.1623597751615378,9.787518822018072,1.1623597751615378,0.17786456215091254
2,hu_szeged-ud-train_Case=Sup,0.2125409675855333,1.290196442904243,1.1940437448107284,1.1940437448107284,1.1940437448107284,11.842276202095096,1.1940437448107284,9.766330224376306,1.1940437448107284,0.2125409675855333
3,egy_ujaen-ud-test_Case=Sup,1.0,2.23606797749979,0.0,0.0,0.0,12.84523257866513,0.0,10.63014581273465,0.0,1.0
