,Treebank,hu_szeged-ud-dev_Case=Tem,hu_szeged-ud-test_Case=Tem,hu_szeged-ud-train_Case=Tem,fa_seraji-ud-dev_Case=Tem,fa_seraji-ud-test_Case=Tem,fa_seraji-ud-train_Case=Tem,gub_tudet-ud-test_Case=Tem,lzh_tuecl-ud-test_Case=Tem,apu_ufpa-ud-test_Case=Tem,egy_ujaen-ud-test_Case=Tem,nyq_aha-ud-test_Case=Tem,mdf_jr-ud-test_Case=Tem,mdf_jr-ud-train_Case=Tem,myv_jr-ud-test_Case=Tem,myv_jr-ud-train_Case=Tem,kfm_aha-ud-test_Case=Tem,soj_aha-ud-test_Case=Tem,he_htb-ud-train_Case=Tem,lzh_kyoto-ud-dev_Case=Tem,lzh_kyoto-ud-train_Case=Tem,lzh_kyoto-ud-test_Case=Tem,gu_gujtb-ud-test_Case=Tem
0,kpv_ikdp-ud-test_Case=Adp,0.41247895569215265,0.4714045207910316,0.4714045207910316,1.3743685418725535,1.3743685418725535,1.3743685418725535,0.4714045207910316,1.3743685418725535,1.3743685418725535,1.3743685418725535,1.3743685418725535,1.3743685418725535,1.3743685418725535,1.3333333333333335,3.324989557210001,1.3743685418725535,1.3743685418725535,7.077939122528692,1.3743685418725535,1.3743685418725535,1.3743685418725535,4.0276819911981905
1,kpv_lattice-ud-test_Case=Adp,0.44300112866673375,0.5385164807134505,0.5385164807134505,1.5132745950421556,1.5132745950421556,1.5132745950421556,0.5385164807134505,1.5132745950421556,1.5132745950421556,1.5132745950421556,1.5132745950421556,1.5132745950421556,1.5132745950421556,1.1551815634108973,3.207802986469088,1.5132745950421556,1.5132745950421556,6.900362309328402,1.5132745950421556,1.5132745950421556,1.5132745950421556,3.9102429592034302
