,Treebank,hu_szeged-ud-dev_Case=Tra,hu_szeged-ud-test_Case=Tra,hu_szeged-ud-train_Case=Tra,fi_ood-ud-test_Case=Tra,et_ewt-ud-train_Case=Tra,et_ewt-ud-test_Case=Tra,et_ewt-ud-dev_Case=Tra,gub_tudet-ud-test_Case=Tra,olo_kkpp-ud-test_Case=Tra,mdf_jr-ud-test_Case=Tra,vep_vwt-ud-test_Case=Tra,fi_tdt-ud-train_Case=Tra,fi_tdt-ud-test_Case=Tra,fi_tdt-ud-dev_Case=Tra,myv_jr-ud-test_Case=Tra,myv_jr-ud-train_Case=Tra,kpv_ikdp-ud-test_Case=Tra,kpv_lattice-ud-test_Case=Tra,tpn_tudet-ud-test_Case=Tra,fi_pud-ud-test_Case=Tra,et_edt-ud-dev_Case=Tra,et_edt-ud-train_Case=Tra,et_edt-ud-test_Case=Tra,krl_kkpp-ud-test_Case=Tra,fi_ftb-ud-dev_Case=Tra,fi_ftb-ud-train_Case=Tra,fi_ftb-ud-test_Case=Tra,eme_tudet-ud-test_Case=Tra,aqz_tudet-ud-test_Case=Tra
0,hu_szeged-ud-dev_Case=Dis,1.6863421954040052,1.3693063937629153,1.3275541420220873,3.484209325721676,4.157290129939189,4.1569955791289885,5.384439385859961,0.7071067811865476,1.950928611963952,4.019483797703382,3.6742346141747673,4.348428387077985,5.647956115624807,4.741223470793167,5.79933025486208,12.187698716328688,0.7071067811865476,0.7071067811865476,1.593574849334874,9.402610855985209,4.7371051591933435,4.400749695355576,3.709985427225382,1.5295444331040227,0.7071067811865476,0.7071067811865476,0.7071067811865476,2.553429066960741,0.7071067811865476
1,hu_szeged-ud-test_Case=Dis,1.5309310892394863,1.1726039399558574,1.1235657524150513,3.451894652855358,4.0984566532751705,4.100771455544949,5.3378073681990434,0.0,1.932535608352669,3.9567979478361033,3.605551275463989,4.293306195252593,5.606948352043668,4.688197948039311,5.756060406646084,12.167168939404103,0.0,0.0,1.4281039179389805,9.375984796760866,4.6850033295982945,4.346730359605627,3.641976368707614,1.3562839573037448,0.0,0.0,0.0,2.453568829277059,0.0
2,hu_szeged-ud-train_Case=Dis,1.5309310892394863,1.1726039399558574,1.1235657524150513,3.451894652855358,4.0984566532751705,4.100771455544949,5.3378073681990434,0.0,1.932535608352669,3.9567979478361033,3.605551275463989,4.293306195252593,5.606948352043668,4.688197948039311,5.756060406646084,12.167168939404103,0.0,0.0,1.4281039179389805,9.375984796760866,4.6850033295982945,4.346730359605627,3.641976368707614,1.3562839573037448,0.0,0.0,0.0,2.453568829277059,0.0
