,Treebank,ml_ufal-ud-test_Case=Ben,egy_ujaen-ud-test_Case=Ben,si_stb-ud-test_Case=Ben,ta_mwtt-ud-test_Case=Ben,eu_bdt-ud-train_Case=Ben,eu_bdt-ud-test_Case=Ben,eu_bdt-ud-dev_Case=Ben,am_att-ud-test_Case=Ben,ab_abnc-ud-test_Case=Ben
0,si_stb-ud-test_Case=Cns,3.7416573867739413,4.58257569495584,4.58257569495584,3.7416573867739413,3.5432752782781134,3.3212744839189163,3.4259340655437733,4.58257569495584,3.7416573867739413
1,kpv_lattice-ud-test_Case=Cns,1.0,0.0,0.0,1.0,1.2595815691740142,1.573311362056255,1.425181345833614,0.0,1.0
2,wbp_ufal-ud-test_Case=Cns,1.0,0.0,0.0,1.0,1.2595815691740142,1.573311362056255,1.425181345833614,0.0,1.0
