,Treebank,hu_szeged-ud-dev_Case=Ill,hu_szeged-ud-test_Case=Ill,hu_szeged-ud-train_Case=Ill,fi_ood-ud-test_Case=Ill,sms_giellagas-ud-test_Case=Ill,sms_giellagas-ud-train_Case=Ill,et_ewt-ud-train_Case=Ill,et_ewt-ud-test_Case=Ill,et_ewt-ud-dev_Case=Ill,egy_ujaen-ud-test_Case=Ill,si_stb-ud-test_Case=Ill,lt_alksnis-ud-test_Case=Ill,lt_alksnis-ud-dev_Case=Ill,lt_alksnis-ud-train_Case=Ill,olo_kkpp-ud-test_Case=Ill,olo_kkpp-ud-train_Case=Ill,mdf_jr-ud-test_Case=Ill,mdf_jr-ud-train_Case=Ill,vep_vwt-ud-test_Case=Ill,fi_tdt-ud-train_Case=Ill,fi_tdt-ud-test_Case=Ill,fi_tdt-ud-dev_Case=Ill,myv_jr-ud-test_Case=Ill,myv_jr-ud-train_Case=Ill,kpv_ikdp-ud-test_Case=Ill,kpv_lattice-ud-test_Case=Ill,kpv_lattice-ud-train_Case=Ill,fi_pud-ud-test_Case=Ill,et_edt-ud-dev_Case=Ill,et_edt-ud-train_Case=Ill,et_edt-ud-test_Case=Ill,koi_uh-ud-train_Case=Ill,koi_uh-ud-test_Case=Ill,sme_giella-ud-train_Case=Ill,sme_giella-ud-test_Case=Ill,krl_kkpp-ud-test_Case=Ill,fi_ftb-ud-dev_Case=Ill,fi_ftb-ud-train_Case=Ill,fi_ftb-ud-test_Case=Ill
0,kpv_lattice-ud-test_Case=Apr,5.682828193057485,5.7117501249717195,5.663465871620693,5.819268682575157,7.122170219952294,5.634713834792322,8.500380047982434,7.616061974537759,12.852318808893283,5.545268253204709,5.545268253204709,5.634713834792322,5.634713834792322,5.634713834792322,5.820159822120831,5.545268253204709,8.538515678969032,5.545268253204709,5.746738205277843,5.839159690547808,5.836529912221788,5.816981861824373,5.623745343666069,5.569736963919618,5.758182583651431,9.906578931318771,5.545268253204709,5.848107834516808,7.016824614054357,6.97593854638237,7.62131525516491,5.545268253204709,30.26136150274802,5.655404764083739,5.6485275665888635,5.677005818363091,5.545268253204709,5.545268253204709,5.545268253204709
1,koi_uh-ud-test_Case=Apr,1.278845324000557,1.3689738821885769,1.1689791895833785,1.8756033695853715,6.117168714889247,1.0,6.5912452584836325,5.397629109155241,11.756269669551216,0.0,0.0,1.0,1.0,1.0,1.842143079204315,0.0,8.705242673240075,0.0,1.635542723379613,1.960920608682236,1.9640267731056948,1.9045597042899167,1.7104654390763518,1.5026261478525773,2.3108440016582685,9.44519638196462,0.0,1.983108213213122,4.410228268319544,4.347833450101511,5.3714540403661655,0.0,31.25699921617557,1.152010514482039,1.2072765064707807,1.3562839573037448,0.0,0.0,0.0
