,Treebank,hu_szeged-ud-dev_Case=Tra,hu_szeged-ud-test_Case=Tra,hu_szeged-ud-train_Case=Tra,fi_ood-ud-test_Case=Tra,et_ewt-ud-train_Case=Tra,et_ewt-ud-test_Case=Tra,et_ewt-ud-dev_Case=Tra,gub_tudet-ud-test_Case=Tra,olo_kkpp-ud-test_Case=Tra,mdf_jr-ud-test_Case=Tra,vep_vwt-ud-test_Case=Tra,fi_tdt-ud-train_Case=Tra,fi_tdt-ud-test_Case=Tra,fi_tdt-ud-dev_Case=Tra,myv_jr-ud-test_Case=Tra,myv_jr-ud-train_Case=Tra,kpv_ikdp-ud-test_Case=Tra,kpv_lattice-ud-test_Case=Tra,tpn_tudet-ud-test_Case=Tra,fi_pud-ud-test_Case=Tra,et_edt-ud-dev_Case=Tra,et_edt-ud-train_Case=Tra,et_edt-ud-test_Case=Tra,krl_kkpp-ud-test_Case=Tra,fi_ftb-ud-dev_Case=Tra,fi_ftb-ud-train_Case=Tra,fi_ftb-ud-test_Case=Tra,eme_tudet-ud-test_Case=Tra,aqz_tudet-ud-test_Case=Tra
0,urb_tudet-ud-test_Case=Aff,22.612911135013114,22.591480695164716,22.588988467835385,22.7963636877478,22.907208561534347,22.890154732405577,23.156903668236822,22.561028345356956,22.61839598058832,22.883536658480043,22.847319317591726,22.908455708560084,23.147839752493116,22.96299632016693,23.283733193046142,25.61718173414086,22.561028345356956,22.561028345356956,22.56705649702609,24.32731349364705,22.98624453921364,22.922485722452194,22.811716755169424,22.582086203093606,22.561028345356956,22.561028345356956,22.561028345356956,22.204053683955998,22.561028345356956
1,_Case=Aff,1.5309310892394863,1.1726039399558574,1.1235657524150513,3.451894652855358,4.0984566532751705,4.100771455544949,5.3378073681990434,0.0,1.932535608352669,3.9567979478361033,3.605551275463989,4.293306195252593,5.606948352043668,4.688197948039311,5.756060406646084,12.167168939404103,0.0,0.0,1.4281039179389805,9.375984796760866,4.6850033295982945,4.346730359605627,3.641976368707614,1.3562839573037448,0.0,0.0,0.0,2.453568829277059,0.0
