,Treebank,kmr_mg-ud-train_Case=Con,kmr_mg-ud-test_Case=Con
0,hu_szeged-ud-dev_Case=Sup,10.996303392539565,8.93520188616255
1,hu_szeged-ud-test_Case=Sup,10.912707792203761,8.853966901552656
2,hu_szeged-ud-train_Case=Sup,10.885079282707931,8.826710317109555
3,egy_ujaen-ud-test_Case=Sup,11.973930014828047,9.907268912419791
