,Treebank,ml_ufal-ud-test_Case=Ben,egy_ujaen-ud-test_Case=Ben,si_stb-ud-test_Case=Ben,ta_mwtt-ud-test_Case=Ben,eu_bdt-ud-train_Case=Ben,eu_bdt-ud-test_Case=Ben,eu_bdt-ud-dev_Case=Ben,am_att-ud-test_Case=Ben,ab_abnc-ud-test_Case=Ben
0,kpv_ikdp-ud-test_Case=Egr,3.7416573867739413,4.58257569495584,4.58257569495584,3.7416573867739413,3.543275278278113,3.3212744839189163,3.425934065543773,4.58257569495584,3.7416573867739413
1,kpv_lattice-ud-test_Case=Egr,9.460443964212251,10.36822067666386,10.36822067666386,9.460443964212251,9.231977191926983,8.955307413159948,9.08790214504557,10.36822067666386,9.460443964212251
2,kpv_lattice-ud-train_Case=Egr,1.0,0.0,0.0,1.0,1.2595815691740142,1.573311362056255,1.425181345833614,0.0,1.0
3,koi_uh-ud-train_Case=Egr,1.0,0.0,0.0,1.0,1.2595815691740142,1.573311362056255,1.425181345833614,0.0,1.0
4,koi_uh-ud-test_Case=Egr,1.0,0.0,0.0,1.0,1.2595815691740142,1.573311362056255,1.425181345833614,0.0,1.0
