,Treebank,hu_szeged-ud-dev_Case=Ine,hu_szeged-ud-test_Case=Ine,hu_szeged-ud-train_Case=Ine,fi_ood-ud-test_Case=Ine,et_ewt-ud-train_Case=Ine,et_ewt-ud-test_Case=Ine,et_ewt-ud-dev_Case=Ine,si_stb-ud-test_Case=Ine,olo_kkpp-ud-test_Case=Ine,olo_kkpp-ud-train_Case=Ine,mdf_jr-ud-test_Case=Ine,mdf_jr-ud-train_Case=Ine,vep_vwt-ud-test_Case=Ine,fi_tdt-ud-train_Case=Ine,fi_tdt-ud-test_Case=Ine,fi_tdt-ud-dev_Case=Ine,myv_jr-ud-test_Case=Ine,myv_jr-ud-train_Case=Ine,kpv_ikdp-ud-test_Case=Ine,kpv_lattice-ud-test_Case=Ine,kpv_lattice-ud-train_Case=Ine,fi_pud-ud-test_Case=Ine,et_edt-ud-dev_Case=Ine,et_edt-ud-train_Case=Ine,et_edt-ud-test_Case=Ine,koi_uh-ud-train_Case=Ine,koi_uh-ud-test_Case=Ine,arr_tudet-ud-test_Case=Ine,krl_kkpp-ud-test_Case=Ine,eu_bdt-ud-train_Case=Ine,eu_bdt-ud-test_Case=Ine,eu_bdt-ud-dev_Case=Ine,fi_ftb-ud-dev_Case=Ine,fi_ftb-ud-train_Case=Ine,fi_ftb-ud-test_Case=Ine,ab_abnc-ud-test_Case=Ine
0,hu_szeged-ud-dev_Case=Dis,79.56915231419774,53.4353191562784,32.67401739520842,510.60895017615974,0.7071067811865476,0.7071067811865476,0.7071067811865476,0.7071067811865476,0.7071067811865476,0.7071067811865476,0.7071067811865476,0.7071067811865476,0.7071067811865476,168.50298304729318,74.19730453325107,112.83641059319264,0.7071067811865476,0.7071067811865476,0.7071067811865476,261.6266423742047,0.7071067811865476,81.81331412030036,0.7071067811865476,0.7071067811865476,0.7071067811865476,0.7071067811865476,0.7071067811865476,0.7071067811865476,0.7071067811865476,0.7071067811865476,0.7071067811865476,0.7071067811865476,0.7071067811865476,0.7071067811865476,0.7071067811865476,0.7071067811865476
1,hu_szeged-ud-test_Case=Dis,79.57229417328622,53.4353191562784,32.67200382276872,510.61629429543274,0.0,0.0,0.0,0.0,0.0,0.0,0.0,0.0,0.0,168.5023815651686,74.19460896857669,112.83714912307127,0.0,0.0,0.0,261.627597932634,0.0,81.8102583258783,0.0,0.0,0.0,0.0,0.0,0.0,0.0,0.0,0.0,0.0,0.0,0.0,0.0,0.0
2,hu_szeged-ud-train_Case=Dis,79.57229417328622,53.4353191562784,32.67200382276872,510.61629429543274,0.0,0.0,0.0,0.0,0.0,0.0,0.0,0.0,0.0,168.5023815651686,74.19460896857669,112.83714912307127,0.0,0.0,0.0,261.627597932634,0.0,81.8102583258783,0.0,0.0,0.0,0.0,0.0,0.0,0.0,0.0,0.0,0.0,0.0,0.0,0.0,0.0
