,Treebank,fi_ood-ud-test_Case=Par,sah_yktdt-ud-test_Case=Par,sms_giellagas-ud-test_Case=Par,et_ewt-ud-train_Case=Par,et_ewt-ud-test_Case=Par,et_ewt-ud-dev_Case=Par,olo_kkpp-ud-test_Case=Par,olo_kkpp-ud-train_Case=Par,vep_vwt-ud-test_Case=Par,fi_tdt-ud-train_Case=Par,fi_tdt-ud-test_Case=Par,fi_tdt-ud-dev_Case=Par,ru_taiga-ud-train_Case=Par,ru_taiga-ud-dev_Case=Par,ru_taiga-ud-test_Case=Par,fi_pud-ud-test_Case=Par,et_edt-ud-dev_Case=Par,et_edt-ud-train_Case=Par,et_edt-ud-test_Case=Par,ru_syntagrus-ud-train_Case=Par,ru_syntagrus-ud-dev_Case=Par,ru_syntagrus-ud-test_Case=Par,ru_poetry-ud-dev_Case=Par,ru_poetry-ud-train_Case=Par,krl_kkpp-ud-test_Case=Par,eu_bdt-ud-train_Case=Par,eu_bdt-ud-test_Case=Par,eu_bdt-ud-dev_Case=Par,fi_ftb-ud-dev_Case=Par,fi_ftb-ud-train_Case=Par,fi_ftb-ud-test_Case=Par,ru_gsd-ud-dev_Case=Par,ru_gsd-ud-train_Case=Par
0,kmr_mg-ud-train_Case=Con,5.757180964897895,8.178936361165796,11.973930014828047,39.85222272838957,34.99688846477736,22.8264101426396,129.76661743299007,11.973930014828047,11.973930014828047,10.303598902523232,10.320096898769895,8.925666001566423,36.6384361019954,11.973930014828047,11.973930014828047,13.19410015661669,81.91309799316204,70.71902781647329,72.32023881424037,74.41018075505528,11.973930014828047,11.973930014828047,11.973930014828047,6.955213871621778,26.177781314846015,19.683035208016065,9.37736636801613,5.7287683652115415,5.604822231064865,5.490243020796125,5.938652087333717,11.973930014828047,11.973930014828047
1,kmr_mg-ud-test_Case=Con,5.353602272298357,6.47597180967011,9.907268912419791,41.421402903592856,36.51305951691106,24.227854647216482,131.5126508552209,9.907268912419791,9.907268912419791,11.357302837122683,11.365639307361617,9.85359099067684,38.45274803336685,9.907268912419791,9.907268912419791,14.385605701399843,83.59678029768043,72.368421798076,73.95462166380922,76.10531479999705,9.907268912419791,9.907268912419791,9.907268912419791,6.642099137519303,27.641416617113308,21.230608028657663,10.426669514136055,5.512917717377772,4.581329306535595,5.18565963657946,5.68193351359629,9.907268912419791,9.907268912419791
