,Treebank,gub_tudet-ud-test_Case=Ref,tpn_tudet-ud-test_Case=Ref,gn_oldtudet-ud-test_Case=Ref,eme_tudet-ud-test_Case=Ref
0,kpv_ikdp-ud-test_Case=Adp,0.4714045207910317,1.3743685418725535,1.3743685418725535,1.3743685418725535
1,kpv_lattice-ud-test_Case=Adp,0.42295258468165076,1.5132745950421556,1.5132745950421556,1.5132745950421556
