,Treebank,hu_szeged-ud-dev_Case=Abs,hu_szeged-ud-test_Case=Abs,hu_szeged-ud-train_Case=Abs,ess_sli-ud-test_Case=Abs,hit_hittb-ud-test_Case=Abs,mr_ufal-ud-dev_Case=Abs,mr_ufal-ud-test_Case=Abs,mr_ufal-ud-train_Case=Abs,wbp_ufal-ud-test_Case=Abs,nhi_itml-ud-test_Case=Abs,azz_itml-ud-test_Case=Abs,eu_bdt-ud-train_Case=Abs,eu_bdt-ud-test_Case=Abs,eu_bdt-ud-dev_Case=Abs,gu_gujtb-ud-test_Case=Abs
0,mdf_jr-ud-test_Case=Prl,0.3819564444228949,0.5043368785325884,0.4802989152545946,1.5229722402080887,1.5229722402080887,1.5229722402080887,1.5229722402080887,85.7597581101481,1.5229722402080887,20.371132140638572,6.205572252752118,39.3336966640434,39.24521373933918,30.634785676869996,1.5229722402080887
1,myv_jr-ud-test_Case=Prl,0.6080872837250416,0.7590370242234643,0.7202879416836792,1.7831678272108882,1.7831678272108882,1.7831678272108882,1.7831678272108882,85.51664372604122,1.7831678272108882,20.149400992076814,5.968063566861134,39.092823789509616,39.00468264125727,30.393773966778205,1.7831678272108882
2,myv_jr-ud-train_Case=Prl,0.5942017661895104,0.7373277002152401,0.7019175258473314,1.7493866919943548,1.7493866919943548,1.7493866919943548,1.7493866919943548,85.55056436678572,1.7493866919943548,20.187048937319407,6.020543043575921,39.13636983263704,39.04837295310671,30.437661636953912,1.7493866919943548
3,kpv_ikdp-ud-test_Case=Prl,1.2824305436059895,1.0796668344321692,1.1213369028548654,0.0,0.0,0.0,0.0,87.14929718592113,0.0,21.703103265616754,7.607222967012422,40.741182744764195,40.65127036035156,32.04328476137671,0.0
4,kpv_lattice-ud-test_Case=Prl,1.216493062824785,1.3718697559239852,1.34188884803227,2.358495283014151,2.358495283014151,2.358495283014151,2.358495283014151,84.99154369700553,2.358495283014151,19.72529318813854,5.574513289310414,38.63758113316405,38.550528231988494,29.940227236851914,2.358495283014151
5,koi_uh-ud-test_Case=Prl,0.31491832864888675,0.1087856586440842,0.16317848796612638,1.0,1.0,1.0,1.0,86.27861844049197,1.0,20.811914915959456,6.669999167083074,39.805698165950666,39.7164186927589,31.107078923747277,1.0
