,Treebank,kpv_ikdp-ud-test_Case=Adp,kpv_lattice-ud-test_Case=Adp
0,hu_szeged-ud-dev_Case=Sup,0.42587493492507567,0.4743338999093724
1,hu_szeged-ud-test_Case=Sup,0.3838965266968125,0.39366119417904155
2,hu_szeged-ud-train_Case=Sup,0.37488702909624105,0.3709485310656529
3,egy_ujaen-ud-test_Case=Sup,1.3743685418725535,1.5132745950421556
