,Treebank,kpv_ikdp-ud-test_Case=Egr,kpv_lattice-ud-test_Case=Egr,kpv_lattice-ud-train_Case=Egr,koi_uh-ud-train_Case=Egr,koi_uh-ud-test_Case=Egr
0,hu_szeged-ud-dev_Case=Sup,3.6841109929022933,9.395508094762528,1.0734914778194846,1.0734914778194846,1.0734914778194846
1,hu_szeged-ud-test_Case=Sup,3.615702209687048,9.317529609541971,1.1623597751615378,1.1623597751615378,1.1623597751615378
2,hu_szeged-ud-train_Case=Sup,3.5921404841742888,9.290336691914723,1.1940437448107284,1.1940437448107284,1.1940437448107284
3,egy_ujaen-ud-test_Case=Sup,4.58257569495584,10.36822067666386,0.0,0.0,0.0
