,Treebank,hi_pud-ud-test_Case=Erg,ess_sli-ud-test_Case=Erg,mr_ufal-ud-dev_Case=Erg,mr_ufal-ud-test_Case=Erg,mr_ufal-ud-train_Case=Erg,wbp_ufal-ud-test_Case=Erg,ka_glc-ud-test_Case=Erg,eu_bdt-ud-train_Case=Erg,eu_bdt-ud-test_Case=Erg,eu_bdt-ud-dev_Case=Erg,gu_gujtb-ud-test_Case=Erg
0,ml_ufal-ud-test_Case=Ben,0.0,1.0,1.0,1.0,1.0,1.0,1.0,1.0,1.0,1.0,1.0
1,egy_ujaen-ud-test_Case=Ben,1.0,0.0,0.0,0.0,0.0,0.0,0.0,0.0,0.0,0.0,0.0
2,si_stb-ud-test_Case=Ben,1.0,0.0,0.0,0.0,0.0,0.0,0.0,0.0,0.0,0.0,0.0
3,ta_mwtt-ud-test_Case=Ben,0.0,1.0,1.0,1.0,1.0,1.0,1.0,1.0,1.0,1.0,1.0
4,eu_bdt-ud-train_Case=Ben,0.28037336083580466,1.2595815691740142,1.2595815691740142,1.2595815691740142,1.2595815691740142,1.2595815691740142,1.2595815691740142,1.2595815691740142,1.2595815691740142,1.2595815691740142,1.2595815691740142
5,eu_bdt-ud-test_Case=Ben,0.6034878050666787,1.573311362056255,1.573311362056255,1.573311362056255,1.573311362056255,1.573311362056255,1.573311362056255,1.573311362056255,1.573311362056255,1.573311362056255,1.573311362056255
6,eu_bdt-ud-dev_Case=Ben,0.4556450995538138,1.425181345833614,1.425181345833614,1.425181345833614,1.425181345833614,1.425181345833614,1.425181345833614,1.425181345833614,1.425181345833614,1.425181345833614,1.425181345833614
7,am_att-ud-test_Case=Ben,1.0,0.0,0.0,0.0,0.0,0.0,0.0,0.0,0.0,0.0,0.0
8,ab_abnc-ud-test_Case=Ben,0.0,1.0,1.0,1.0,1.0,1.0,1.0,1.0,1.0,1.0,1.0
