,Treebank,hu_szeged-ud-dev_Case=Tra,hu_szeged-ud-test_Case=Tra,hu_szeged-ud-train_Case=Tra,fi_ood-ud-test_Case=Tra,et_ewt-ud-train_Case=Tra,et_ewt-ud-test_Case=Tra,et_ewt-ud-dev_Case=Tra,gub_tudet-ud-test_Case=Tra,olo_kkpp-ud-test_Case=Tra,mdf_jr-ud-test_Case=Tra,vep_vwt-ud-test_Case=Tra,fi_tdt-ud-train_Case=Tra,fi_tdt-ud-test_Case=Tra,fi_tdt-ud-dev_Case=Tra,myv_jr-ud-test_Case=Tra,myv_jr-ud-train_Case=Tra,kpv_ikdp-ud-test_Case=Tra,kpv_lattice-ud-test_Case=Tra,tpn_tudet-ud-test_Case=Tra,fi_pud-ud-test_Case=Tra,et_edt-ud-dev_Case=Tra,et_edt-ud-train_Case=Tra,et_edt-ud-test_Case=Tra,krl_kkpp-ud-test_Case=Tra,fi_ftb-ud-dev_Case=Tra,fi_ftb-ud-train_Case=Tra,fi_ftb-ud-test_Case=Tra,eme_tudet-ud-test_Case=Tra,aqz_tudet-ud-test_Case=Tra
0,hu_szeged-ud-dev_Case=Del,0.36271013492223875,0.20030840419244383,0.2209519248307643,2.281880209478515,2.9892062480613864,2.984744321487361,4.274699018355663,1.259531560972737,0.8187307126545268,2.8454940554766734,2.6620330112690977,3.125073202977077,4.416936982866561,3.5196366254641465,4.635334715608126,11.020878054239587,1.259531560972737,1.259531560972737,0.2817604046208575,8.217409183707499,3.5541012291988987,3.210008350854612,2.51417980725366,0.3042903097250923,1.259531560972737,1.259531560972737,1.259531560972737,1.3625049552520605,1.259531560972737
1,hu_szeged-ud-test_Case=Del,0.5072140258834825,0.15499456258121339,0.11345743603687025,2.4286689960345416,3.1302957057738494,3.12300088442687,4.409506440216841,1.08869426309121,0.9395115727298902,2.989871449652014,2.768305631257671,3.2755263523824762,4.57648284767753,3.6725921988913064,4.779040252381348,11.172522329290182,1.08869426309121,1.08869426309121,0.3752503753744427,8.371056281122998,3.700460062947205,3.355302393232258,2.6556746722728306,0.35526137798744417,1.08869426309121,1.08869426309121,1.08869426309121,1.4850101678061711,1.08869426309121
2,hu_szeged-ud-train_Case=Del,0.3516385805881156,0.17948399976833448,0.2103429005278503,2.29417623233333,3.0006389205835537,2.996359568946076,4.2857406947305074,1.2452843148017878,0.8307760269797649,2.8581092666738463,2.6709673075544544,3.1375214247021868,4.429689589093526,3.532065766693327,4.647268643385214,11.03336655192493,1.2452843148017878,1.2452843148017878,0.2882843769120511,8.229978809602704,3.565971233647305,3.221928204445785,2.525797561221787,0.3065010623710265,1.2452843148017878,1.2452843148017878,1.2452843148017878,1.3728153239166025,1.2452843148017878
