,Treebank,hu_szeged-ud-dev_Case=Ela,hu_szeged-ud-test_Case=Ela,hu_szeged-ud-train_Case=Ela,fi_ood-ud-test_Case=Ela,et_ewt-ud-train_Case=Ela,et_ewt-ud-test_Case=Ela,et_ewt-ud-dev_Case=Ela,egy_ujaen-ud-test_Case=Ela,olo_kkpp-ud-test_Case=Ela,olo_kkpp-ud-train_Case=Ela,mdf_jr-ud-test_Case=Ela,mdf_jr-ud-train_Case=Ela,vep_vwt-ud-test_Case=Ela,fi_tdt-ud-train_Case=Ela,fi_tdt-ud-test_Case=Ela,fi_tdt-ud-dev_Case=Ela,myv_jr-ud-test_Case=Ela,myv_jr-ud-train_Case=Ela,kpv_ikdp-ud-test_Case=Ela,kpv_lattice-ud-test_Case=Ela,kpv_lattice-ud-train_Case=Ela,fi_pud-ud-test_Case=Ela,et_edt-ud-dev_Case=Ela,et_edt-ud-train_Case=Ela,et_edt-ud-test_Case=Ela,wbp_ufal-ud-test_Case=Ela,koi_uh-ud-train_Case=Ela,koi_uh-ud-test_Case=Ela,krl_kkpp-ud-test_Case=Ela,fi_ftb-ud-dev_Case=Ela,fi_ftb-ud-train_Case=Ela,fi_ftb-ud-test_Case=Ela
0,ess_sli-ud-test_Case=Per,0.42236786197228976,0.3933690748202549,0.3708990935094579,0.8957696007772216,0.5780763357872089,0.5935699403983805,0.6204962600539145,1.3743685418725535,0.4151332327181594,0.4714045207910316,19.504985117770392,1.3743685418725535,0.5137011669140814,1.140300773048021,0.9758608590535021,1.1065443073031822,0.5590814678189512,1.1411495179082463,2.8480012484391777,2.125744354180342,1.2472191289246473,1.654795606242889,0.8113219255713202,0.7215395504479818,0.8320906244151968,0.4714045207910316,1.3743685418725535,2.6562295750848715,0.5063156678946007,1.3743685418725535,1.3743685418725535,1.3743685418725535
1,tpn_tudet-ud-test_Case=Per,1.0827689526491961,1.146066921150376,1.2450962012087863,2.068522117325686,1.731320857985841,1.7364217584408124,1.7642602345031582,0.0,1.4021363680319483,1.0,20.728402414722332,0.0,1.541103500742244,2.3139522010695543,2.1435170928508476,2.2829522933712147,1.8503197558178164,2.383275057562597,4.123105625617661,3.336825538583822,2.23606797749979,2.8276189821937745,1.96396624581025,1.8700246112386445,1.9906393640009086,1.0,0.0,3.8078865529319543,1.555892027102138,0.0,0.0,0.0
2,wbp_ufal-ud-test_Case=Per,1.0827689526491961,1.146066921150376,1.2450962012087863,2.068522117325686,1.731320857985841,1.7364217584408124,1.7642602345031582,0.0,1.4021363680319483,1.0,20.728402414722332,0.0,1.541103500742244,2.3139522010695543,2.1435170928508476,2.2829522933712147,1.8503197558178164,2.383275057562597,4.123105625617661,3.336825538583822,2.23606797749979,2.8276189821937745,1.96396624581025,1.8700246112386445,1.9906393640009086,1.0,0.0,3.8078865529319543,1.555892027102138,0.0,0.0,0.0
