,Treebank,ml_ufal-ud-test_Case=Ben,egy_ujaen-ud-test_Case=Ben,si_stb-ud-test_Case=Ben,ta_mwtt-ud-test_Case=Ben,eu_bdt-ud-train_Case=Ben,eu_bdt-ud-test_Case=Ben,eu_bdt-ud-dev_Case=Ben,am_att-ud-test_Case=Ben,ab_abnc-ud-test_Case=Ben
0,ess_sli-ud-test_Case=Per,0.4714045207910316,1.3743685418725535,1.3743685418725535,0.4714045207910316,0.3626558621839956,0.46481112585226425,0.39411276945572116,1.3743685418725535,0.4714045207910316
1,tpn_tudet-ud-test_Case=Per,1.0,0.0,0.0,1.0,1.2595815691740142,1.573311362056255,1.425181345833614,0.0,1.0
2,wbp_ufal-ud-test_Case=Per,1.0,0.0,0.0,1.0,1.2595815691740142,1.573311362056255,1.425181345833614,0.0,1.0
