,Treebank,hu_szeged-ud-dev_Case=Ade,hu_szeged-ud-test_Case=Ade,hu_szeged-ud-train_Case=Ade,fi_ood-ud-test_Case=Ade,et_ewt-ud-train_Case=Ade,et_ewt-ud-test_Case=Ade,et_ewt-ud-dev_Case=Ade,olo_kkpp-ud-test_Case=Ade,vep_vwt-ud-test_Case=Ade,fi_tdt-ud-train_Case=Ade,fi_tdt-ud-test_Case=Ade,fi_tdt-ud-dev_Case=Ade,fi_pud-ud-test_Case=Ade,et_edt-ud-dev_Case=Ade,et_edt-ud-train_Case=Ade,et_edt-ud-test_Case=Ade,krl_kkpp-ud-test_Case=Ade,fi_ftb-ud-dev_Case=Ade,fi_ftb-ud-train_Case=Ade,fi_ftb-ud-test_Case=Ade
0,gub_tudet-ud-test_Case=Ref,0.42184284856909554,0.35988894481072303,0.3880148908940938,0.6116302199538785,0.7130348242991172,0.6950731772720664,0.9757554844488956,0.8358687192681822,0.5354126134736337,0.9194017808422164,0.9488761510485226,0.9513708929559064,1.1647264521015412,0.6054485323685427,0.6293628898605047,0.525688309537812,0.49777063758209855,1.3743685418725535,1.3743685418725535,1.3743685418725535
1,tpn_tudet-ud-test_Case=Ref,1.3375584099395434,1.3144621146642357,1.2629330940315089,1.7886065521032837,1.897422799077966,1.8771070193697335,2.166296264635297,2.0006924009208644,1.6593171286204857,2.1333499449356674,2.160771997383269,2.171466165088107,2.3950690043825595,1.7767514466365293,1.8041476170465596,1.6708159613082763,1.6152048534938224,0.0,0.0,0.0
2,gn_oldtudet-ud-test_Case=Ref,1.3375584099395434,1.3144621146642357,1.2629330940315089,1.7886065521032837,1.897422799077966,1.8771070193697335,2.166296264635297,2.0006924009208644,1.6593171286204857,2.1333499449356674,2.160771997383269,2.171466165088107,2.3950690043825595,1.7767514466365293,1.8041476170465596,1.6708159613082763,1.6152048534938224,0.0,0.0,0.0
3,eme_tudet-ud-test_Case=Ref,1.3375584099395434,1.3144621146642357,1.2629330940315089,1.7886065521032837,1.897422799077966,1.8771070193697335,2.166296264635297,2.0006924009208644,1.6593171286204857,2.1333499449356674,2.160771997383269,2.171466165088107,2.3950690043825595,1.7767514466365293,1.8041476170465596,1.6708159613082763,1.6152048534938224,0.0,0.0,0.0
