,Treebank,hu_szeged-ud-dev_Case=Del,hu_szeged-ud-test_Case=Del,hu_szeged-ud-train_Case=Del
0,hu_szeged-ud-dev_Case=Cau,14.716875339320042,14.835710251846677,14.726984292720104
1,hu_szeged-ud-test_Case=Cau,20.361395329227474,20.479322413176554,20.371430422754703
2,hu_szeged-ud-train_Case=Cau,18.600411518081405,18.75848894160723,18.612142384363022
3,egy_ujaen-ud-test_Case=Cau,1.259531560972737,1.08869426309121,1.2452843148017878
4,mdf_jr-ud-test_Case=Cau,1.259531560972737,1.08869426309121,1.2452843148017878
5,wbp_ufal-ud-test_Case=Cau,1.259531560972737,1.08869426309121,1.2452843148017878
6,eu_bdt-ud-train_Case=Cau,1.259531560972737,1.08869426309121,1.2452843148017878
7,eu_bdt-ud-test_Case=Cau,1.259531560972737,1.08869426309121,1.2452843148017878
8,eu_bdt-ud-dev_Case=Cau,1.259531560972737,1.08869426309121,1.2452843148017878
