,Treebank,mdf_jr-ud-test_Case=Prl,myv_jr-ud-test_Case=Prl,myv_jr-ud-train_Case=Prl,kpv_ikdp-ud-test_Case=Prl,kpv_lattice-ud-test_Case=Prl,koi_uh-ud-test_Case=Prl
0,urb_tudet-ud-test_Case=Aff,22.606845079410007,22.62402161788807,22.61876965917689,22.561028345356956,22.66191739460719,22.58317958127243
1,_Case=Aff,1.5229722402080887,1.7831678272108882,1.7493866919943548,0.0,2.358495283014151,1.0
