,Treebank,hu_szeged-ud-dev_Case=Del,hu_szeged-ud-test_Case=Del,hu_szeged-ud-train_Case=Del
0,et_ewt-ud-train_Case=Add,0.21086992650807238,0.06765628426100237,0.19848950697491544
1,et_ewt-ud-test_Case=Add,0.2070602701127886,0.06552060186626835,0.19398099744184547
2,et_ewt-ud-dev_Case=Add,0.20367003088692617,0.08292309581111242,0.1914652726143411
3,et_edt-ud-dev_Case=Add,0.18549627687012546,0.1548190938325458,0.17859659434664396
4,et_edt-ud-train_Case=Add,0.17058625526318505,0.17487133439000385,0.1654787542198314
5,et_edt-ud-test_Case=Add,0.17464418307166965,0.21688867481956228,0.17305778636294952
