,Treebank,hu_szeged-ud-dev_Case=Tem,hu_szeged-ud-test_Case=Tem,hu_szeged-ud-train_Case=Tem,fa_seraji-ud-dev_Case=Tem,fa_seraji-ud-test_Case=Tem,fa_seraji-ud-train_Case=Tem,gub_tudet-ud-test_Case=Tem,lzh_tuecl-ud-test_Case=Tem,apu_ufpa-ud-test_Case=Tem,egy_ujaen-ud-test_Case=Tem,nyq_aha-ud-test_Case=Tem,mdf_jr-ud-test_Case=Tem,mdf_jr-ud-train_Case=Tem,myv_jr-ud-test_Case=Tem,myv_jr-ud-train_Case=Tem,kfm_aha-ud-test_Case=Tem,soj_aha-ud-test_Case=Tem,he_htb-ud-train_Case=Tem,lzh_kyoto-ud-dev_Case=Tem,lzh_kyoto-ud-train_Case=Tem,lzh_kyoto-ud-test_Case=Tem,gu_gujtb-ud-test_Case=Tem
0,kmr_mg-ud-train_Case=Con,10.938749928579591,11.062323444918793,11.062323444918793,11.973930014828047,11.973930014828047,11.973930014828047,11.062323444918793,11.973930014828047,11.973930014828047,11.973930014828047,11.973930014828047,11.973930014828047,11.973930014828047,9.873505512790839,9.212762886344139,11.973930014828047,11.973930014828047,6.224949798994366,11.973930014828047,11.973930014828047,11.973930014828047,8.965210538520553
1,kmr_mg-ud-test_Case=Con,8.881982147304926,9.000443983578798,9.000443983578798,9.907268912419791,9.907268912419791,9.907268912419791,9.000443983578798,9.907268912419791,9.907268912419791,9.907268912419791,9.907268912419791,9.907268912419791,9.907268912419791,7.844124885974393,7.289926501542394,9.907268912419791,9.907268912419791,4.7656541056631925,9.907268912419791,9.907268912419791,9.907268912419791,7.111261188928459
