,Treebank,hu_szeged-ud-dev_Case=Dis,hu_szeged-ud-test_Case=Dis,hu_szeged-ud-train_Case=Dis
0,hu_szeged-ud-dev_Case=Cau,15.636495771111889,15.652475842498529,15.652475842498529
1,hu_szeged-ud-test_Case=Cau,21.295539439046856,21.283796653792763,21.283796653792763
2,hu_szeged-ud-train_Case=Cau,19.697715603592208,19.697715603592208,19.697715603592208
3,egy_ujaen-ud-test_Case=Cau,0.7071067811865476,0.0,0.0
4,mdf_jr-ud-test_Case=Cau,0.7071067811865476,0.0,0.0
5,wbp_ufal-ud-test_Case=Cau,0.7071067811865476,0.0,0.0
6,eu_bdt-ud-train_Case=Cau,0.7071067811865476,0.0,0.0
7,eu_bdt-ud-test_Case=Cau,0.7071067811865476,0.0,0.0
8,eu_bdt-ud-dev_Case=Cau,0.7071067811865476,0.0,0.0
