,Treebank,hu_szeged-ud-dev_Case=Tra,hu_szeged-ud-test_Case=Tra,hu_szeged-ud-train_Case=Tra,fi_ood-ud-test_Case=Tra,et_ewt-ud-train_Case=Tra,et_ewt-ud-test_Case=Tra,et_ewt-ud-dev_Case=Tra,gub_tudet-ud-test_Case=Tra,olo_kkpp-ud-test_Case=Tra,mdf_jr-ud-test_Case=Tra,vep_vwt-ud-test_Case=Tra,fi_tdt-ud-train_Case=Tra,fi_tdt-ud-test_Case=Tra,fi_tdt-ud-dev_Case=Tra,myv_jr-ud-test_Case=Tra,myv_jr-ud-train_Case=Tra,kpv_ikdp-ud-test_Case=Tra,kpv_lattice-ud-test_Case=Tra,tpn_tudet-ud-test_Case=Tra,fi_pud-ud-test_Case=Tra,et_edt-ud-dev_Case=Tra,et_edt-ud-train_Case=Tra,et_edt-ud-test_Case=Tra,krl_kkpp-ud-test_Case=Tra,fi_ftb-ud-dev_Case=Tra,fi_ftb-ud-train_Case=Tra,fi_ftb-ud-test_Case=Tra,eme_tudet-ud-test_Case=Tra,aqz_tudet-ud-test_Case=Tra
0,kpv_ikdp-ud-test_Case=Adp,0.4823265376162594,0.3908679799852857,0.40573664145874494,2.2308920584384517,2.9472420714397387,2.934276286286457,4.228602179076307,1.3743685418725535,0.8192690730516788,2.806861632183215,2.6246692913372702,3.0722115962609586,4.3669610090958955,3.4681535272950206,4.578265417518026,10.957290824935797,1.3743685418725535,1.3743685418725535,0.38134492639531303,8.156301399853522,3.5069575343653736,3.161791350734297,2.4710010105800055,0.41573970964154905,1.3743685418725535,1.3743685418725535,1.3743685418725535,1.3324997394204456,1.3743685418725535
1,kpv_lattice-ud-test_Case=Adp,0.3657184709581949,0.40620192023179796,0.43863424398922607,2.064158208133407,2.7864834103074014,2.769587017029427,4.07825790013334,1.5132745950421556,0.6732498095970388,2.6497641404472208,2.5079872407968904,2.909823479317757,4.202218349069267,3.3077484789505993,4.423537718886686,10.794906206169648,1.5132745950421556,1.5132745950421556,0.22452401428534507,7.999943181616411,3.339458559568359,2.9934713153734496,2.3074973493947857,0.3598696609044811,1.5132745950421556,1.5132745950421556,1.5132745950421556,1.0770329614269007,1.5132745950421556
