,Treebank,hu_szeged-ud-dev_Case=Sbl,hu_szeged-ud-test_Case=Sbl,hu_szeged-ud-train_Case=Sbl
0,hu_szeged-ud-dev_Case=Sup,0.2103413977694496,0.12267750736706104,0.15222140192733297
1,hu_szeged-ud-test_Case=Sup,0.11871725976661404,0.052156610209525354,0.06482589318905141
2,hu_szeged-ud-train_Case=Sup,0.08373320165968644,0.04128760739751241,0.03704822420509996
3,egy_ujaen-ud-test_Case=Sup,1.2622811750152136,1.1840852064015472,1.2136052062629963
