,Treebank,hu_szeged-ud-dev_Case=Tem,hu_szeged-ud-test_Case=Tem,hu_szeged-ud-train_Case=Tem,fa_seraji-ud-dev_Case=Tem,fa_seraji-ud-test_Case=Tem,fa_seraji-ud-train_Case=Tem,gub_tudet-ud-test_Case=Tem,lzh_tuecl-ud-test_Case=Tem,apu_ufpa-ud-test_Case=Tem,egy_ujaen-ud-test_Case=Tem,nyq_aha-ud-test_Case=Tem,mdf_jr-ud-test_Case=Tem,mdf_jr-ud-train_Case=Tem,myv_jr-ud-test_Case=Tem,myv_jr-ud-train_Case=Tem,kfm_aha-ud-test_Case=Tem,soj_aha-ud-test_Case=Tem,he_htb-ud-train_Case=Tem,lzh_kyoto-ud-dev_Case=Tem,lzh_kyoto-ud-train_Case=Tem,lzh_kyoto-ud-test_Case=Tem,gu_gujtb-ud-test_Case=Tem
0,hu_szeged-ud-dev_Case=Del,0.1429948630692639,0.2939723678960656,0.2939723678960656,1.259531560972737,1.259531560972737,1.259531560972737,0.2939723678960656,1.259531560972737,1.259531560972737,1.259531560972737,1.259531560972737,1.259531560972737,1.259531560972737,1.3310165056345489,3.3669600165559466,1.259531560972737,1.259531560972737,7.147476460477951,1.259531560972737,1.259531560972737,1.259531560972737,4.072642846246945
1,hu_szeged-ud-test_Case=Del,0.0999172625589687,0.10649955403405117,0.10649955403405117,1.08869426309121,1.08869426309121,1.08869426309121,0.10649955403405117,1.08869426309121,1.08869426309121,1.08869426309121,1.08869426309121,1.08869426309121,1.08869426309121,1.4815252391493388,3.475134464493971,1.08869426309121,1.08869426309121,7.294684990562045,1.08869426309121,1.08869426309121,1.08869426309121,4.182057271795148
2,hu_szeged-ud-train_Case=Del,0.12653379971033754,0.28019779169211134,0.28019779169211134,1.2452843148017878,1.2452843148017878,1.2452843148017878,0.28019779169211134,1.2452843148017878,1.2452843148017878,1.2452843148017878,1.2452843148017878,1.2452843148017878,1.2452843148017878,1.3419139408663128,3.3760857878486408,1.2452843148017878,1.2452843148017878,7.160028687265795,1.2452843148017878,1.2452843148017878,1.2452843148017878,4.081892224912665
