,Treebank,kmr_mg-ud-train_Case=Con,kmr_mg-ud-test_Case=Con
0,ess_sli-ud-test_Case=Per,10.767105254224811,8.708808920276836
1,tpn_tudet-ud-test_Case=Per,11.973930014828047,9.907268912419791
2,wbp_ufal-ud-test_Case=Per,11.973930014828047,9.907268912419791
