,Treebank,hu_szeged-ud-dev_Case=Ade,hu_szeged-ud-test_Case=Ade,hu_szeged-ud-train_Case=Ade,fi_ood-ud-test_Case=Ade,et_ewt-ud-train_Case=Ade,et_ewt-ud-test_Case=Ade,et_ewt-ud-dev_Case=Ade,olo_kkpp-ud-test_Case=Ade,vep_vwt-ud-test_Case=Ade,fi_tdt-ud-train_Case=Ade,fi_tdt-ud-test_Case=Ade,fi_tdt-ud-dev_Case=Ade,fi_pud-ud-test_Case=Ade,et_edt-ud-dev_Case=Ade,et_edt-ud-train_Case=Ade,et_edt-ud-test_Case=Ade,krl_kkpp-ud-test_Case=Ade,fi_ftb-ud-dev_Case=Ade,fi_ftb-ud-train_Case=Ade,fi_ftb-ud-test_Case=Ade
0,kpv_ikdp-ud-test_Case=Egr,3.5055759155950397,3.502323827025296,3.5489435047630726,3.1713374331285262,3.1077584781320167,3.1202006304544483,2.967145196528803,3.0698245413510916,3.2690467519854574,2.9608897753997563,2.9489930373040805,2.93566388555972,2.8160939946138757,3.181091904224868,3.1641316386244855,3.2525568367920186,3.295282494529111,4.58257569495584,4.58257569495584,4.58257569495584
1,kpv_lattice-ud-test_Case=Egr,9.184310670921363,9.185948878843911,9.238235762308731,8.775093333094869,8.68770061385773,8.705234432210478,8.478309288712092,8.631498715930073,8.893068461822763,8.481550417469569,8.46265026081253,8.443313983289272,8.261884990451971,8.780427563799215,8.757157116757519,8.873031526854986,8.931133003082532,10.36822067666386,10.36822067666386,10.36822067666386
2,kpv_lattice-ud-train_Case=Egr,1.3375584099395434,1.3144621146642357,1.2629330940315089,1.7886065521032837,1.897422799077966,1.8771070193697335,2.166296264635297,2.0006924009208644,1.6593171286204857,2.1333499449356674,2.160771997383269,2.171466165088107,2.3950690043825595,1.7767514466365293,1.8041476170465596,1.6708159613082763,1.6152048534938224,0.0,0.0,0.0
3,koi_uh-ud-train_Case=Egr,1.3375584099395434,1.3144621146642357,1.2629330940315089,1.7886065521032837,1.897422799077966,1.8771070193697335,2.166296264635297,2.0006924009208644,1.6593171286204857,2.1333499449356674,2.160771997383269,2.171466165088107,2.3950690043825595,1.7767514466365293,1.8041476170465596,1.6708159613082763,1.6152048534938224,0.0,0.0,0.0
4,koi_uh-ud-test_Case=Egr,1.3375584099395434,1.3144621146642357,1.2629330940315089,1.7886065521032837,1.897422799077966,1.8771070193697335,2.166296264635297,2.0006924009208644,1.6593171286204857,2.1333499449356674,2.160771997383269,2.171466165088107,2.3950690043825595,1.7767514466365293,1.8041476170465596,1.6708159613082763,1.6152048534938224,0.0,0.0,0.0
