,Treebank,gub_tudet-ud-test_Case=Ref,tpn_tudet-ud-test_Case=Ref,gn_oldtudet-ud-test_Case=Ref,eme_tudet-ud-test_Case=Ref
0,kmr_mg-ud-train_Case=Con,10.767105254224811,11.973930014828047,11.973930014828047,11.973930014828047
1,kmr_mg-ud-test_Case=Con,8.709088298435265,9.907268912419791,9.907268912419791,9.907268912419791
