,Treebank,et_ewt-ud-train_Case=Add,et_ewt-ud-test_Case=Add,et_ewt-ud-dev_Case=Add,et_edt-ud-dev_Case=Add,et_edt-ud-train_Case=Add,et_edt-ud-test_Case=Add
0,kpv_ikdp-ud-test_Case=Egr,3.6604238741538753,3.6656059924894944,3.6537820757114297,3.589453940620597,3.567131726966857,3.535015288488383
1,kpv_lattice-ud-test_Case=Egr,9.365527047522185,9.370148397480428,9.356228532142588,9.275846185064713,9.251159252329233,9.212893908589617
2,kpv_lattice-ud-train_Case=Egr,1.1031249959354035,1.0971739059265513,1.1131093143438395,1.1993603737502958,1.2279528687939976,1.2709256503688648
3,koi_uh-ud-train_Case=Egr,1.1031249959354035,1.0971739059265513,1.1131093143438395,1.1993603737502958,1.2279528687939976,1.2709256503688648
4,koi_uh-ud-test_Case=Egr,1.1031249959354035,1.0971739059265513,1.1131093143438395,1.1993603737502958,1.2279528687939976,1.2709256503688648
