,Treebank,mdf_jr-ud-test_Case=Prl,myv_jr-ud-test_Case=Prl,myv_jr-ud-train_Case=Prl,kpv_ikdp-ud-test_Case=Prl,kpv_lattice-ud-test_Case=Prl,koi_uh-ud-test_Case=Prl
0,ml_ufal-ud-test_Case=Ben,0.5651941652604391,0.8244316223920575,0.8006241061929585,1.0,1.4361406616345072,0.0
1,egy_ujaen-ud-test_Case=Ben,1.5229722402080887,1.7831678272108882,1.7493866919943548,0.0,2.358495283014151,1.0
2,si_stb-ud-test_Case=Ben,1.5229722402080887,1.7831678272108882,1.7493866919943548,0.0,2.358495283014151,1.0
3,ta_mwtt-ud-test_Case=Ben,0.5651941652604391,0.8244316223920575,0.8006241061929585,1.0,1.4361406616345072,0.0
4,eu_bdt-ud-train_Case=Ben,0.3795858426529562,0.6110450773435046,0.5967117512790953,1.2595815691740142,1.2272687507411444,0.28037336083580466
5,eu_bdt-ud-test_Case=Ben,0.3578916312979202,0.45885912601893863,0.4654739781466311,1.573311362056255,1.0187289344940138,0.6034878050666787
6,eu_bdt-ud-dev_Case=Ben,0.33954704432448873,0.5049227817903785,0.5027782704331075,1.425181345833614,1.1138674481470057,0.4556450995538138
7,am_att-ud-test_Case=Ben,1.5229722402080887,1.7831678272108882,1.7493866919943548,0.0,2.358495283014151,1.0
8,ab_abnc-ud-test_Case=Ben,0.5651941652604391,0.8244316223920575,0.8006241061929585,1.0,1.4361406616345072,0.0
