,Treebank,hu_szeged-ud-dev_Case=Sup,hu_szeged-ud-test_Case=Sup,hu_szeged-ud-train_Case=Sup,egy_ujaen-ud-test_Case=Sup
0,ess_sli-ud-test_Case=Per,0.42587493492507567,0.3838965266968125,0.37488702909624105,1.3743685418725535
1,tpn_tudet-ud-test_Case=Per,1.0734914778194846,1.1623597751615378,1.1940437448107284,0.0
2,wbp_ufal-ud-test_Case=Per,1.0734914778194846,1.1623597751615378,1.1940437448107284,0.0
