,Treebank,hu_szeged-ud-dev_Case=Ter,hu_szeged-ud-test_Case=Ter,hu_szeged-ud-train_Case=Ter,et_ewt-ud-train_Case=Ter,et_ewt-ud-test_Case=Ter,et_ewt-ud-dev_Case=Ter,olo_kkpp-ud-test_Case=Ter,vep_vwt-ud-test_Case=Ter,kpv_ikdp-ud-test_Case=Ter,kpv_lattice-ud-test_Case=Ter,et_edt-ud-dev_Case=Ter,et_edt-ud-train_Case=Ter,et_edt-ud-test_Case=Ter,ab_abnc-ud-test_Case=Ter,gu_gujtb-ud-test_Case=Ter
0,kpv_ikdp-ud-test_Case=Adp,0.4444444444444444,0.4714045207910316,0.40397332145136067,0.432691832858239,0.4249182927993987,0.4109609335312651,1.2472191289246473,0.4714045207910316,1.247219128924647,2.2141577023928893,0.383701354132235,0.3706031533172205,0.3888865282309398,0.4714045207910316,0.4714045207910316
1,kpv_lattice-ud-test_Case=Adp,0.34228715112776364,0.5385164807134505,0.43509258274022045,0.2738612787525831,0.3391164991562634,0.4123105625617661,1.1357816691600546,0.5385164807134505,1.1357816691600546,2.051430561081407,0.395081989286424,0.3554937741540062,0.3644607630852372,0.5385164807134505,0.5385164807134505
