,Treebank,hu_szeged-ud-dev_Case=Del,hu_szeged-ud-test_Case=Del,hu_szeged-ud-train_Case=Del
0,kmr_mg-ud-train_Case=Con,10.825139351311309,10.979993406122233,10.837597095411379
1,kmr_mg-ud-test_Case=Con,8.769944692117583,8.920181362962257,8.782270250306956
