,Treebank,hu_szeged-ud-dev_Case=Ill,hu_szeged-ud-test_Case=Ill,hu_szeged-ud-train_Case=Ill,fi_ood-ud-test_Case=Ill,sms_giellagas-ud-test_Case=Ill,sms_giellagas-ud-train_Case=Ill,et_ewt-ud-train_Case=Ill,et_ewt-ud-test_Case=Ill,et_ewt-ud-dev_Case=Ill,egy_ujaen-ud-test_Case=Ill,si_stb-ud-test_Case=Ill,lt_alksnis-ud-test_Case=Ill,lt_alksnis-ud-dev_Case=Ill,lt_alksnis-ud-train_Case=Ill,olo_kkpp-ud-test_Case=Ill,olo_kkpp-ud-train_Case=Ill,mdf_jr-ud-test_Case=Ill,mdf_jr-ud-train_Case=Ill,vep_vwt-ud-test_Case=Ill,fi_tdt-ud-train_Case=Ill,fi_tdt-ud-test_Case=Ill,fi_tdt-ud-dev_Case=Ill,myv_jr-ud-test_Case=Ill,myv_jr-ud-train_Case=Ill,kpv_ikdp-ud-test_Case=Ill,kpv_lattice-ud-test_Case=Ill,kpv_lattice-ud-train_Case=Ill,fi_pud-ud-test_Case=Ill,et_edt-ud-dev_Case=Ill,et_edt-ud-train_Case=Ill,et_edt-ud-test_Case=Ill,koi_uh-ud-train_Case=Ill,koi_uh-ud-test_Case=Ill,sme_giella-ud-train_Case=Ill,sme_giella-ud-test_Case=Ill,krl_kkpp-ud-test_Case=Ill,fi_ftb-ud-dev_Case=Ill,fi_ftb-ud-train_Case=Ill,fi_ftb-ud-test_Case=Ill
0,kpv_ikdp-ud-test_Case=Prp,0.29998469504883835,0.4054775835476301,0.18215107011950007,0.910981887855077,5.1830683509736,0.0,5.685122712147314,4.46031389029965,10.826351026232702,1.0,1.0,0.0,0.0,0.0,0.8821034570138243,1.0,7.812249995999872,1.0,0.6892024376045112,0.9932698373077208,0.9976633700596244,0.937133260184627,0.7407042850873679,0.5348404942548599,1.3686976778431874,8.548033548777191,1.0,1.017191707411669,3.497974794706087,3.4326230484631535,4.458319738792651,1.0,30.364452901377952,0.1725285923127573,0.22925506622611905,0.3808697000222803,1.0,1.0,1.0
1,kpv_lattice-ud-test_Case=Prp,20.499792827459956,20.440390734060887,20.582621070297552,20.007745700103246,17.393414391588873,20.71231517720798,17.16943932692171,17.59586315018391,14.77944852710791,21.494185260204677,21.494185260204677,20.71231517720798,20.71231517720798,20.71231517720798,20.065499255065387,21.494185260204677,16.13323433165216,21.494185260204677,20.181055472893384,19.875226237920074,19.878353483516502,19.934653592909395,20.18093046203164,20.335326183123133,19.77725966861941,16.071190474426785,21.494185260204677,19.844379175272277,18.357497989276858,18.3837639020598,17.742046932390284,21.494185260204677,22.06807649071391,20.556024659651754,20.52198166452522,20.41732803161612,21.494185260204677,21.494185260204677,21.494185260204677
