,Treebank,urb_tudet-ud-test_Case=Aff,_Case=Aff
0,mdf_jr-ud-test_Case=Prl,22.606845079410007,1.5229722402080887
1,myv_jr-ud-test_Case=Prl,22.62402161788807,1.7831678272108882
2,myv_jr-ud-train_Case=Prl,22.61876965917689,1.7493866919943548
3,kpv_ikdp-ud-test_Case=Prl,22.561028345356956,0.0
4,kpv_lattice-ud-test_Case=Prl,22.66191739460719,2.358495283014151
5,koi_uh-ud-test_Case=Prl,22.58317958127243,1.0
