,Treebank,hu_szeged-ud-dev_Case=Cau,hu_szeged-ud-test_Case=Cau,hu_szeged-ud-train_Case=Cau,egy_ujaen-ud-test_Case=Cau,mdf_jr-ud-test_Case=Cau,wbp_ufal-ud-test_Case=Cau,eu_bdt-ud-train_Case=Cau,eu_bdt-ud-test_Case=Cau,eu_bdt-ud-dev_Case=Cau
0,hu_szeged-ud-dev_Case=Sup,14.846321211605536,20.489840003602783,18.778462259261705,1.0734914778194846,1.0734914778194846,1.0734914778194846,1.0734914778194846,1.0734914778194846,1.0734914778194846
1,hu_szeged-ud-test_Case=Sup,14.78234578521218,20.4261127052338,18.69297914019599,1.1623597751615378,1.1623597751615378,1.1623597751615378,1.1623597751615378,1.1623597751615378,1.1623597751615378
2,hu_szeged-ud-train_Case=Sup,14.760045353761228,20.404131308943754,18.666816331728807,1.1940437448107284,1.1940437448107284,1.1940437448107284,1.1940437448107284,1.1940437448107284,1.1940437448107284
3,egy_ujaen-ud-test_Case=Sup,15.652475842498529,21.283796653792763,19.697715603592208,0.0,0.0,0.0,0.0,0.0,0.0
