,Treebank,ess_sli-ud-test_Case=Per,tpn_tudet-ud-test_Case=Per,wbp_ufal-ud-test_Case=Per
0,hu_szeged-ud-dev_Case=Cau,14.65908895153068,15.652475842498529,15.652475842498529
1,hu_szeged-ud-test_Case=Cau,20.30325644378808,21.283796653792763,21.283796653792763
2,hu_szeged-ud-train_Case=Cau,18.56220772310114,19.697715603592208,19.697715603592208
3,egy_ujaen-ud-test_Case=Cau,1.3743685418725535,0.0,0.0
4,mdf_jr-ud-test_Case=Cau,1.3743685418725535,0.0,0.0
5,wbp_ufal-ud-test_Case=Cau,1.3743685418725535,0.0,0.0
6,eu_bdt-ud-train_Case=Cau,1.3743685418725535,0.0,0.0
7,eu_bdt-ud-test_Case=Cau,1.3743685418725535,0.0,0.0
8,eu_bdt-ud-dev_Case=Cau,1.3743685418725535,0.0,0.0
