,Treebank,hi_pud-ud-test_Case=Erg,ess_sli-ud-test_Case=Erg,mr_ufal-ud-dev_Case=Erg,mr_ufal-ud-test_Case=Erg,mr_ufal-ud-train_Case=Erg,wbp_ufal-ud-test_Case=Erg,ka_glc-ud-test_Case=Erg,eu_bdt-ud-train_Case=Erg,eu_bdt-ud-test_Case=Erg,eu_bdt-ud-dev_Case=Erg,gu_gujtb-ud-test_Case=Erg
0,et_ewt-ud-train_Case=Add,0.11108241135314532,1.1031249959354035,1.1031249959354035,1.1031249959354035,1.1031249959354035,1.1031249959354035,1.1031249959354035,1.1031249959354035,1.1031249959354035,1.1031249959354035,1.1031249959354035
1,et_ewt-ud-test_Case=Add,0.10958904109589036,1.0971739059265513,1.0971739059265513,1.0971739059265513,1.0971739059265513,1.0971739059265513,1.0971739059265513,1.0971739059265513,1.0971739059265513,1.0971739059265513,1.0971739059265513
2,et_ewt-ud-dev_Case=Add,0.12957670877434005,1.1131093143438395,1.1131093143438395,1.1131093143438395,1.1131093143438395,1.1131093143438395,1.1131093143438395,1.1131093143438395,1.1131093143438395,1.1131093143438395,1.1131093143438395
3,et_edt-ud-dev_Case=Add,0.2233693746936237,1.1993603737502958,1.1993603737502958,1.1993603737502958,1.1993603737502958,1.1993603737502958,1.1993603737502958,1.1993603737502958,1.1993603737502958,1.1993603737502958,1.1993603737502958
4,et_edt-ud-train_Case=Add,0.24901480953538424,1.2279528687939976,1.2279528687939976,1.2279528687939976,1.2279528687939976,1.2279528687939976,1.2279528687939976,1.2279528687939976,1.2279528687939976,1.2279528687939976,1.2279528687939976
5,et_edt-ud-test_Case=Add,0.29244192421024817,1.2709256503688648,1.2709256503688648,1.2709256503688648,1.2709256503688648,1.2709256503688648,1.2709256503688648,1.2709256503688648,1.2709256503688648,1.2709256503688648,1.2709256503688648
