,Treebank,kpv_ikdp-ud-test_Case=Adp,kpv_lattice-ud-test_Case=Adp
0,ess_sli-ud-test_Case=Per,0.4714045207910317,0.42295258468165076
1,tpn_tudet-ud-test_Case=Per,1.3743685418725535,1.5132745950421556
2,wbp_ufal-ud-test_Case=Per,1.3743685418725535,1.5132745950421556
