,Treebank,et_ewt-ud-train_Case=Add,et_ewt-ud-test_Case=Add,et_ewt-ud-dev_Case=Add,et_edt-ud-dev_Case=Add,et_edt-ud-train_Case=Add,et_edt-ud-test_Case=Add
0,et_ewt-ud-train_Case=Add,0.0,0.024166346490433047,0.03898715120898037,0.12142488284479554,0.142172119495236,0.18466826307898213
1,et_ewt-ud-test_Case=Add,0.024166346490433047,0.0,0.03745158355976796,0.1209288718011964,0.14346035213430686,0.1867848269558261
2,et_ewt-ud-dev_Case=Add,0.03898715120898037,0.03745158355976796,0.0,0.11663891258257453,0.13853969111246134,0.18000692370759724
3,et_edt-ud-dev_Case=Add,0.12142488284479554,0.1209288718011964,0.11663891258257453,0.0,0.04211713859954115,0.08319824573033041
4,et_edt-ud-train_Case=Add,0.142172119495236,0.14346035213430686,0.13853969111246134,0.04211713859954115,0.0,0.04633631667564907
5,et_edt-ud-test_Case=Add,0.18466826307898213,0.1867848269558261,0.18000692370759724,0.08319824573033041,0.04633631667564907,0.0
