,Treebank,hu_szeged-ud-dev_Case=Tem,hu_szeged-ud-test_Case=Tem,hu_szeged-ud-train_Case=Tem,fa_seraji-ud-dev_Case=Tem,fa_seraji-ud-test_Case=Tem,fa_seraji-ud-train_Case=Tem,gub_tudet-ud-test_Case=Tem,lzh_tuecl-ud-test_Case=Tem,apu_ufpa-ud-test_Case=Tem,egy_ujaen-ud-test_Case=Tem,nyq_aha-ud-test_Case=Tem,mdf_jr-ud-test_Case=Tem,mdf_jr-ud-train_Case=Tem,myv_jr-ud-test_Case=Tem,myv_jr-ud-train_Case=Tem,kfm_aha-ud-test_Case=Tem,soj_aha-ud-test_Case=Tem,he_htb-ud-train_Case=Tem,lzh_kyoto-ud-dev_Case=Tem,lzh_kyoto-ud-train_Case=Tem,lzh_kyoto-ud-test_Case=Tem,gu_gujtb-ud-test_Case=Tem
0,kpv_ikdp-ud-test_Case=Egr,3.6443449342783127,3.7416573867739413,3.7416573867739413,4.58257569495584,4.58257569495584,4.58257569495584,3.7416573867739413,4.58257569495584,4.58257569495584,4.58257569495584,4.58257569495584,4.58257569495584,4.58257569495584,2.4037008503093262,1.224744871391589,4.58257569495584,4.58257569495584,5.2796780204857185,4.58257569495584,4.58257569495584,4.58257569495584,1.4142135623730951
1,kpv_lattice-ud-test_Case=Egr,9.349130975657577,9.460443964212251,9.460443964212251,10.36822067666386,10.36822067666386,10.36822067666386,9.460443964212251,10.36822067666386,10.36822067666386,10.36822067666386,10.36822067666386,10.36822067666386,10.36822067666386,8.242842012585491,7.3824115301167,10.36822067666386,10.36822067666386,5.303300858899107,10.36822067666386,10.36822067666386,10.36822067666386,7.106335201775948
2,kpv_lattice-ud-train_Case=Egr,1.1319231422671772,1.0,1.0,0.0,0.0,0.0,1.0,0.0,0.0,0.0,0.0,0.0,0.0,2.472066162365221,4.301162633521313,0.0,0.0,8.299096336348915,0.0,0.0,0.0,5.0
3,koi_uh-ud-train_Case=Egr,1.1319231422671772,1.0,1.0,0.0,0.0,0.0,1.0,0.0,0.0,0.0,0.0,0.0,0.0,2.472066162365221,4.301162633521313,0.0,0.0,8.299096336348915,0.0,0.0,0.0,5.0
4,koi_uh-ud-test_Case=Egr,1.1319231422671772,1.0,1.0,0.0,0.0,0.0,1.0,0.0,0.0,0.0,0.0,0.0,0.0,2.472066162365221,4.301162633521313,0.0,0.0,8.299096336348915,0.0,0.0,0.0,5.0
