,Treebank,mdf_jr-ud-test_Case=Prl,myv_jr-ud-test_Case=Prl,myv_jr-ud-train_Case=Prl,kpv_ikdp-ud-test_Case=Prl,kpv_lattice-ud-test_Case=Prl,koi_uh-ud-test_Case=Prl
0,kpv_lattice-ud-test_Case=Apr,5.710613899670605,5.754753469958552,5.740689426231794,5.545268253204709,5.900211860602973,5.634713834792322
1,koi_uh-ud-test_Case=Apr,1.5229722402080887,1.7831678272108882,1.7493866919943548,0.0,2.358495283014151,1.0
