,Treebank,ess_sli-ud-test_Case=Equ,gub_tudet-ud-test_Case=Equ,egy_ujaen-ud-test_Case=Equ,ky_ktmu-ud-test_Case=Equ,tt_nmctt-ud-test_Case=Equ,tr_gb-ud-test_Case=Equ,ota_boun-ud-train_Case=Equ,ota_boun-ud-test_Case=Equ,qtd_sagt-ud-test_Case=Equ,qtd_sagt-ud-dev_Case=Equ,qtd_sagt-ud-train_Case=Equ,tr_imst-ud-train_Case=Equ,tr_imst-ud-dev_Case=Equ,tr_imst-ud-test_Case=Equ,tr_boun-ud-dev_Case=Equ,tr_boun-ud-test_Case=Equ,tr_boun-ud-train_Case=Equ
0,hu_szeged-ud-dev_Case=Sup,0.08635054556386229,1.0734914778194846,1.0734914778194846,1.0734914778194846,1.0734914778194846,1.0734914778194846,1.0734914778194846,1.0734914778194846,1.0734914778194846,1.0734914778194846,1.0734914778194846,1.0734914778194846,1.0734914778194846,1.0734914778194846,1.0734914778194846,1.0734914778194846,1.0734914778194846
1,hu_szeged-ud-test_Case=Sup,0.17786456215091254,1.1623597751615378,1.1623597751615378,1.1623597751615378,1.1623597751615378,1.1623597751615378,1.1623597751615378,1.1623597751615378,1.1623597751615378,1.1623597751615378,1.1623597751615378,1.1623597751615378,1.1623597751615378,1.1623597751615378,1.1623597751615378,1.1623597751615378,1.1623597751615378
2,hu_szeged-ud-train_Case=Sup,0.2125409675855333,1.1940437448107284,1.1940437448107284,1.1940437448107284,1.1940437448107284,1.1940437448107284,1.1940437448107284,1.1940437448107284,1.1940437448107284,1.1940437448107284,1.1940437448107284,1.1940437448107284,1.1940437448107284,1.1940437448107284,1.1940437448107284,1.1940437448107284,1.1940437448107284
3,egy_ujaen-ud-test_Case=Sup,1.0,0.0,0.0,0.0,0.0,0.0,0.0,0.0,0.0,0.0,0.0,0.0,0.0,0.0,0.0,0.0,0.0
