,Treebank,sah_yktdt-ud-test_Case=Cmp,ml_ufal-ud-test_Case=Cmp,egy_ujaen-ud-test_Case=Cmp,mdf_jr-ud-test_Case=Cmp,myv_jr-ud-test_Case=Cmp,myv_jr-ud-train_Case=Cmp,kpv_lattice-ud-test_Case=Cmp,sjo_xdt-ud-test_Case=Cmp,koi_uh-ud-train_Case=Cmp,gu_gujtb-ud-test_Case=Cmp
0,et_ewt-ud-train_Case=Add,0.11108241135314532,1.344542244619549,1.1031249959354035,1.1031249959354035,1.1031249959354035,11.90671722431031,1.1031249959354035,9.827538914717858,1.1031249959354035,0.11108241135314532
1,et_ewt-ud-test_Case=Add,0.10958904109589036,1.3491586029857678,1.0971739059265513,1.0971739059265513,1.0971739059265513,11.911130234220362,1.0971739059265513,9.83206712774601,1.0971739059265513,0.10958904109589036
2,et_ewt-ud-dev_Case=Add,0.12957670877434005,1.339614833164581,1.1131093143438395,1.1131093143438395,1.1131093143438395,11.900285295885002,1.1131093143438395,9.821468045455386,1.1131093143438395,0.12957670877434005
3,et_edt-ud-dev_Case=Add,0.2233693746936237,1.2889229802356663,1.1993603737502958,1.1993603737502958,1.1993603737502958,11.814937622366365,1.1993603737502958,9.763702877369376,1.1993603737502958,0.2233693746936237
4,et_edt-ud-train_Case=Add,0.24901480953538424,1.2707214779759797,1.2279528687939976,1.2279528687939976,1.2279528687939976,11.786602739088284,1.2279528687939976,9.743766687841397,1.2279528687939976,0.24901480953538424
5,et_edt-ud-test_Case=Add,0.29244192421024817,1.2473141341723273,1.2709256503688648,1.2709256503688648,1.2709256503688648,11.745918583070328,1.2709256503688648,9.714803866827557,1.2709256503688648,0.29244192421024817
