,Treebank,hu_szeged-ud-dev_Case=Ade,hu_szeged-ud-test_Case=Ade,hu_szeged-ud-train_Case=Ade,fi_ood-ud-test_Case=Ade,et_ewt-ud-train_Case=Ade,et_ewt-ud-test_Case=Ade,et_ewt-ud-dev_Case=Ade,olo_kkpp-ud-test_Case=Ade,vep_vwt-ud-test_Case=Ade,fi_tdt-ud-train_Case=Ade,fi_tdt-ud-test_Case=Ade,fi_tdt-ud-dev_Case=Ade,fi_pud-ud-test_Case=Ade,et_edt-ud-dev_Case=Ade,et_edt-ud-train_Case=Ade,et_edt-ud-test_Case=Ade,krl_kkpp-ud-test_Case=Ade,fi_ftb-ud-dev_Case=Ade,fi_ftb-ud-train_Case=Ade,fi_ftb-ud-test_Case=Ade
0,kpv_lattice-ud-test_Case=Apr,5.704302104552317,5.678647851391944,5.687266478722446,5.80153210932678,5.827216659065048,5.823870719384705,5.925327516082087,5.814241279999469,5.747753184216131,5.896115678141314,5.886508287904698,5.908551395379136,5.986409759147028,5.7899942317004935,5.801254599076598,5.769889598299305,5.734992303286029,5.545268253204709,5.545268253204709,5.545268253204709
1,koi_uh-ud-test_Case=Apr,1.3375584099395434,1.3144621146642357,1.2629330940315089,1.7886065521032837,1.897422799077966,1.8771070193697335,2.166296264635297,2.0006924009208644,1.6593171286204857,2.1333499449356674,2.160771997383269,2.171466165088107,2.3950690043825595,1.7767514466365293,1.8041476170465596,1.6708159613082763,1.6152048534938224,0.0,0.0,0.0
