,Treebank,ml_ufal-ud-test_Case=Ben,egy_ujaen-ud-test_Case=Ben,si_stb-ud-test_Case=Ben,ta_mwtt-ud-test_Case=Ben,eu_bdt-ud-train_Case=Ben,eu_bdt-ud-test_Case=Ben,eu_bdt-ud-dev_Case=Ben,am_att-ud-test_Case=Ben,ab_abnc-ud-test_Case=Ben
0,mdf_jr-ud-test_Case=Prl,0.5651941652604391,1.5229722402080887,1.5229722402080887,0.5651941652604391,0.3795858426529562,0.3578916312979202,0.33954704432448873,1.5229722402080887,0.5651941652604391
1,myv_jr-ud-test_Case=Prl,0.8244316223920575,1.7831678272108882,1.7831678272108882,0.8244316223920575,0.6110450773435046,0.45885912601893863,0.5049227817903785,1.7831678272108882,0.8244316223920575
2,myv_jr-ud-train_Case=Prl,0.8006241061929585,1.7493866919943548,1.7493866919943548,0.8006241061929585,0.5967117512790953,0.4654739781466311,0.5027782704331075,1.7493866919943548,0.8006241061929585
3,kpv_ikdp-ud-test_Case=Prl,1.0,0.0,0.0,1.0,1.2595815691740142,1.573311362056255,1.425181345833614,0.0,1.0
4,kpv_lattice-ud-test_Case=Prl,1.4361406616345072,2.358495283014151,2.358495283014151,1.4361406616345072,1.2272687507411444,1.0187289344940138,1.1138674481470057,2.358495283014151,1.4361406616345072
5,koi_uh-ud-test_Case=Prl,0.0,1.0,1.0,0.0,0.28037336083580466,0.6034878050666787,0.4556450995538138,1.0,0.0
