,Treebank,mdf_jr-ud-test_Case=Prl,myv_jr-ud-test_Case=Prl,myv_jr-ud-train_Case=Prl,kpv_ikdp-ud-test_Case=Prl,kpv_lattice-ud-test_Case=Prl,koi_uh-ud-test_Case=Prl
0,kpv_ikdp-ud-test_Case=Adp,0.45643546458763845,0.6339635022792891,0.6245821819981767,1.3743685418725535,1.2047360245667467,0.4714045207910316
1,kpv_lattice-ud-test_Case=Adp,0.3179797338056486,0.45057833207260795,0.47044823313775447,1.5132745950421556,1.05,0.5385164807134505
