,Treebank,hu_szeged-ud-dev_Case=Sup,hu_szeged-ud-test_Case=Sup,hu_szeged-ud-train_Case=Sup,egy_ujaen-ud-test_Case=Sup
0,hu_szeged-ud-dev_Case=Cau,14.846321211605536,14.78234578521218,14.760045353761228,15.652475842498529
1,hu_szeged-ud-test_Case=Cau,20.489840003602783,20.4261127052338,20.404131308943754,21.283796653792763
2,hu_szeged-ud-train_Case=Cau,18.778462259261705,18.69297914019599,18.666816331728807,19.697715603592208
3,egy_ujaen-ud-test_Case=Cau,1.0734914778194846,1.1623597751615378,1.1940437448107284,0.0
4,mdf_jr-ud-test_Case=Cau,1.0734914778194846,1.1623597751615378,1.1940437448107284,0.0
5,wbp_ufal-ud-test_Case=Cau,1.0734914778194846,1.1623597751615378,1.1940437448107284,0.0
6,eu_bdt-ud-train_Case=Cau,1.0734914778194846,1.1623597751615378,1.1940437448107284,0.0
7,eu_bdt-ud-test_Case=Cau,1.0734914778194846,1.1623597751615378,1.1940437448107284,0.0
8,eu_bdt-ud-dev_Case=Cau,1.0734914778194846,1.1623597751615378,1.1940437448107284,0.0
