,Treebank,fi_ood-ud-test_Case=Par,sah_yktdt-ud-test_Case=Par,sms_giellagas-ud-test_Case=Par,et_ewt-ud-train_Case=Par,et_ewt-ud-test_Case=Par,et_ewt-ud-dev_Case=Par,olo_kkpp-ud-test_Case=Par,olo_kkpp-ud-train_Case=Par,vep_vwt-ud-test_Case=Par,fi_tdt-ud-train_Case=Par,fi_tdt-ud-test_Case=Par,fi_tdt-ud-dev_Case=Par,ru_taiga-ud-train_Case=Par,ru_taiga-ud-dev_Case=Par,ru_taiga-ud-test_Case=Par,fi_pud-ud-test_Case=Par,et_edt-ud-dev_Case=Par,et_edt-ud-train_Case=Par,et_edt-ud-test_Case=Par,ru_syntagrus-ud-train_Case=Par,ru_syntagrus-ud-dev_Case=Par,ru_syntagrus-ud-test_Case=Par,ru_poetry-ud-dev_Case=Par,ru_poetry-ud-train_Case=Par,krl_kkpp-ud-test_Case=Par,eu_bdt-ud-train_Case=Par,eu_bdt-ud-test_Case=Par,eu_bdt-ud-dev_Case=Par,fi_ftb-ud-dev_Case=Par,fi_ftb-ud-train_Case=Par,fi_ftb-ud-test_Case=Par,ru_gsd-ud-dev_Case=Par,ru_gsd-ud-train_Case=Par
0,si_stb-ud-test_Case=Cns,6.569525682606758,2.1725560982400434,4.58257569495584,44.70467906005542,39.61175851615758,27.19871320485585,135.31444860028807,4.58257569495584,4.58257569495584,14.316325367366263,14.279334718396372,12.738966897533828,42.5440947723653,4.58257569495584,4.58257569495584,17.43503557161586,87.12346566738601,75.81080769994085,77.33722575579826,80.68766944211488,4.58257569495584,4.58257569495584,4.58257569495584,9.055385138137417,30.85649780500249,24.588805888045886,13.26499151903234,6.831877941899852,4.998229151728286,6.8894196784587445,7.147066428906699,4.58257569495584,4.58257569495584
1,kpv_lattice-ud-test_Case=Cns,10.881208844195129,6.334035048845246,0.0,49.174596926907114,44.08588319352249,31.663385794952504,139.7390425042336,0.0,0.0,18.711198078741774,18.668674296799974,17.107076434426677,46.65833258915282,0.0,0.0,21.823579013918195,91.58649739557852,80.27025559877289,81.79242650183359,84.27039812413372,0.0,0.0,0.0,12.36931687685298,35.21696420620656,29.085810543974876,17.713271860387625,11.285692885477854,9.401034930993175,11.310617670681031,11.574769776600762,0.0,0.0
2,wbp_ufal-ud-test_Case=Cns,10.881208844195129,6.334035048845246,0.0,49.174596926907114,44.08588319352249,31.663385794952504,139.7390425042336,0.0,0.0,18.711198078741774,18.668674296799974,17.107076434426677,46.65833258915282,0.0,0.0,21.823579013918195,91.58649739557852,80.27025559877289,81.79242650183359,84.27039812413372,0.0,0.0,0.0,12.36931687685298,35.21696420620656,29.085810543974876,17.713271860387625,11.285692885477854,9.401034930993175,11.310617670681031,11.574769776600762,0.0,0.0
