,Treebank,hu_szeged-ud-dev_Case=Del,hu_szeged-ud-test_Case=Del,hu_szeged-ud-train_Case=Del
0,ess_sli-ud-test_Case=Per,0.37679611017362596,0.41903861724060754,0.37858369917886137
1,tpn_tudet-ud-test_Case=Per,1.259531560972737,1.08869426309121,1.2452843148017878
2,wbp_ufal-ud-test_Case=Per,1.259531560972737,1.08869426309121,1.2452843148017878
