,Treebank,hu_szeged-ud-dev_Case=Abs,hu_szeged-ud-test_Case=Abs,hu_szeged-ud-train_Case=Abs,ess_sli-ud-test_Case=Abs,hit_hittb-ud-test_Case=Abs,mr_ufal-ud-dev_Case=Abs,mr_ufal-ud-test_Case=Abs,mr_ufal-ud-train_Case=Abs,wbp_ufal-ud-test_Case=Abs,nhi_itml-ud-test_Case=Abs,azz_itml-ud-test_Case=Abs,eu_bdt-ud-train_Case=Abs,eu_bdt-ud-test_Case=Abs,eu_bdt-ud-dev_Case=Abs,gu_gujtb-ud-test_Case=Abs
0,kmr_mg-ud-train_Case=Con,10.817561097547522,10.99310569316356,10.948203765023438,11.973930014828047,11.973930014828047,11.973930014828047,11.973930014828047,77.80986441319635,11.973930014828047,11.343609175910569,5.181200755601086,30.302549709348344,30.22606602958253,21.7817067851119,11.973930014828047
1,kmr_mg-ud-test_Case=Con,8.758065704893077,8.931403394296147,8.891025847743741,9.907268912419791,9.907268912419791,9.907268912419791,9.907268912419791,79.41051498203346,9.907268912419791,13.029204779142868,3.633760423986504,32.17934393915804,32.09651533222507,23.597344682103113,9.907268912419791
