,Treebank,mdf_jr-ud-test_Case=Prl,myv_jr-ud-test_Case=Prl,myv_jr-ud-train_Case=Prl,kpv_ikdp-ud-test_Case=Prl,kpv_lattice-ud-test_Case=Prl,koi_uh-ud-test_Case=Prl
0,hu_szeged-ud-dev_Case=Del,0.3798553980882595,0.5989155580538983,0.5864351351179652,1.259531560972737,1.223168825350222,0.2939723678960656
1,hu_szeged-ud-test_Case=Del,0.4937915326479038,0.7450906587738573,0.7243696438327527,1.08869426309121,1.36251636711697,0.10649955403405117
2,hu_szeged-ud-train_Case=Del,0.39504062925910804,0.6157494429905802,0.602766095751482,1.2452843148017878,1.2396951785832149,0.28019779169211134
