,Treebank,kpv_ikdp-ud-test_Case=Egr,kpv_lattice-ud-test_Case=Egr,kpv_lattice-ud-train_Case=Egr,koi_uh-ud-train_Case=Egr,koi_uh-ud-test_Case=Egr
0,kmr_mg-ud-train_Case=Con,8.739279146474267,5.989574275355469,11.973930014828047,11.973930014828047,11.973930014828047
1,kmr_mg-ud-test_Case=Con,6.821014592912277,5.143626834348389,9.907268912419791,9.907268912419791,9.907268912419791
