,Treebank,ml_ufal-ud-test_Case=Ben,egy_ujaen-ud-test_Case=Ben,si_stb-ud-test_Case=Ben,ta_mwtt-ud-test_Case=Ben,eu_bdt-ud-train_Case=Ben,eu_bdt-ud-test_Case=Ben,eu_bdt-ud-dev_Case=Ben,am_att-ud-test_Case=Ben,ab_abnc-ud-test_Case=Ben
0,hu_szeged-ud-dev_Case=Dis,1.224744871391589,0.7071067811865476,0.7071067811865476,1.224744871391589,1.4444880509726872,1.708728499914411,1.5909562748586497,0.7071067811865476,1.224744871391589
1,hu_szeged-ud-test_Case=Dis,1.0,0.0,0.0,1.0,1.2595815691740142,1.573311362056255,1.425181345833614,0.0,1.0
2,hu_szeged-ud-train_Case=Dis,1.0,0.0,0.0,1.0,1.2595815691740142,1.573311362056255,1.425181345833614,0.0,1.0
