,Treebank,et_ewt-ud-train_Case=Add,et_ewt-ud-test_Case=Add,et_ewt-ud-dev_Case=Add,et_edt-ud-dev_Case=Add,et_edt-ud-train_Case=Add,et_edt-ud-test_Case=Add
0,kpv_lattice-ud-test_Case=Apr,5.648228998302348,5.641852790406113,5.646051827123792,5.659874520856159,5.663816432834958,5.671441792768882
1,koi_uh-ud-test_Case=Apr,1.1031249959354035,1.0971739059265513,1.1131093143438395,1.1993603737502958,1.2279528687939976,1.2709256503688648
