,Treebank,hu_szeged-ud-dev_Case=Ade,hu_szeged-ud-test_Case=Ade,hu_szeged-ud-train_Case=Ade,fi_ood-ud-test_Case=Ade,et_ewt-ud-train_Case=Ade,et_ewt-ud-test_Case=Ade,et_ewt-ud-dev_Case=Ade,olo_kkpp-ud-test_Case=Ade,vep_vwt-ud-test_Case=Ade,fi_tdt-ud-train_Case=Ade,fi_tdt-ud-test_Case=Ade,fi_tdt-ud-dev_Case=Ade,fi_pud-ud-test_Case=Ade,et_edt-ud-dev_Case=Ade,et_edt-ud-train_Case=Ade,et_edt-ud-test_Case=Ade,krl_kkpp-ud-test_Case=Ade,fi_ftb-ud-dev_Case=Ade,fi_ftb-ud-train_Case=Ade,fi_ftb-ud-test_Case=Ade
0,urb_tudet-ud-test_Case=Aff,22.60064296651757,22.599287835037803,22.59634926265745,22.61650282453943,22.620584700856526,22.624923582761635,22.642230837175706,22.579744802505196,22.565903482909786,22.6329010333526,22.633529782853262,22.637033049985206,22.655543890372396,22.605875247446736,22.6069617850902,22.60208233717775,22.602187653383243,22.561028345356956,22.561028345356956,22.561028345356956
1,_Case=Aff,1.3375584099395434,1.3144621146642357,1.2629330940315089,1.7886065521032837,1.897422799077966,1.8771070193697335,2.166296264635297,2.0006924009208644,1.6593171286204857,2.1333499449356674,2.160771997383269,2.171466165088107,2.3950690043825595,1.7767514466365293,1.8041476170465596,1.6708159613082763,1.6152048534938224,0.0,0.0,0.0
