,Treebank,urb_tudet-ud-test_Case=Aff,_Case=Aff
0,hu_szeged-ud-dev_Case=Sup,22.586553166717383,1.0734914778194846
1,hu_szeged-ud-test_Case=Sup,22.590951291322675,1.1623597751615378
2,hu_szeged-ud-train_Case=Sup,22.59260366722972,1.1940437448107284
3,egy_ujaen-ud-test_Case=Sup,22.561028345356956,0.0
