,Treebank,hu_szeged-ud-dev_Case=Sbl,hu_szeged-ud-test_Case=Sbl,hu_szeged-ud-train_Case=Sbl
0,ml_ufal-ud-test_Case=Ben,0.2858773475129578,0.20286823403356452,0.23092293421550486
1,egy_ujaen-ud-test_Case=Ben,1.2622811750152136,1.1840852064015472,1.2136052062629963
2,si_stb-ud-test_Case=Ben,1.2622811750152136,1.1840852064015472,1.2136052062629963
3,ta_mwtt-ud-test_Case=Ben,0.2858773475129578,0.20286823403356452,0.23092293421550486
4,eu_bdt-ud-train_Case=Ben,0.15007614218096788,0.15660985476069567,0.1424131541743859
5,eu_bdt-ud-test_Case=Ben,0.3945331132972214,0.4507559809200047,0.42568599843930094
6,eu_bdt-ud-dev_Case=Ben,0.23050423904417047,0.297761363183767,0.26963413021436333
7,am_att-ud-test_Case=Ben,1.2622811750152136,1.1840852064015472,1.2136052062629963
8,ab_abnc-ud-test_Case=Ben,0.2858773475129578,0.20286823403356452,0.23092293421550486
