,Treebank,hu_szeged-ud-dev_Case=Ine,hu_szeged-ud-test_Case=Ine,hu_szeged-ud-train_Case=Ine,fi_ood-ud-test_Case=Ine,et_ewt-ud-train_Case=Ine,et_ewt-ud-test_Case=Ine,et_ewt-ud-dev_Case=Ine,si_stb-ud-test_Case=Ine,olo_kkpp-ud-test_Case=Ine,olo_kkpp-ud-train_Case=Ine,mdf_jr-ud-test_Case=Ine,mdf_jr-ud-train_Case=Ine,vep_vwt-ud-test_Case=Ine,fi_tdt-ud-train_Case=Ine,fi_tdt-ud-test_Case=Ine,fi_tdt-ud-dev_Case=Ine,myv_jr-ud-test_Case=Ine,myv_jr-ud-train_Case=Ine,kpv_ikdp-ud-test_Case=Ine,kpv_lattice-ud-test_Case=Ine,kpv_lattice-ud-train_Case=Ine,fi_pud-ud-test_Case=Ine,et_edt-ud-dev_Case=Ine,et_edt-ud-train_Case=Ine,et_edt-ud-test_Case=Ine,koi_uh-ud-train_Case=Ine,koi_uh-ud-test_Case=Ine,arr_tudet-ud-test_Case=Ine,krl_kkpp-ud-test_Case=Ine,eu_bdt-ud-train_Case=Ine,eu_bdt-ud-test_Case=Ine,eu_bdt-ud-dev_Case=Ine,fi_ftb-ud-dev_Case=Ine,fi_ftb-ud-train_Case=Ine,fi_ftb-ud-test_Case=Ine,ab_abnc-ud-test_Case=Ine
0,kpv_ikdp-ud-test_Case=Adp,78.53856094655386,52.437264103561574,31.65850601948325,509.42603868362374,1.3743685418725535,1.3743685418725535,1.3743685418725535,1.3743685418725535,1.3743685418725535,1.3743685418725535,1.3743685418725535,1.3743685418725535,1.3743685418725535,167.3250734969547,73.01731910231223,111.65771108367055,1.3743685418725535,1.3743685418725535,1.3743685418725535,260.4001194742856,1.3743685418725535,80.65651816748907,1.3743685418725535,1.3743685418725535,1.3743685418725535,1.3743685418725535,1.3743685418725535,1.3743685418725535,1.3743685418725535,1.3743685418725535,1.3743685418725535,1.3743685418725535,1.3743685418725535,1.3743685418725535,1.3743685418725535,1.3743685418725535
1,kpv_lattice-ud-test_Case=Adp,78.40816284035738,52.31115241195387,31.53014167102669,509.2599434473519,1.5132745950421556,1.5132745950421556,1.5132745950421556,1.5132745950421556,1.5132745950421556,1.5132745950421556,1.5132745950421556,1.5132745950421556,1.5132745950421556,167.16689151910643,72.85801259985068,111.49893372683984,1.5132745950421556,1.5132745950421556,1.5132745950421556,260.2389094658983,1.5132745950421556,80.50329059062348,1.5132745950421556,1.5132745950421556,1.5132745950421556,1.5132745950421556,1.5132745950421556,1.5132745950421556,1.5132745950421556,1.5132745950421556,1.5132745950421556,1.5132745950421556,1.5132745950421556,1.5132745950421556,1.5132745950421556,1.5132745950421556
