,Treebank,hu_szeged-ud-dev_Case=Ess,hu_szeged-ud-test_Case=Ess,hu_szeged-ud-train_Case=Ess,fi_ood-ud-test_Case=Ess,sms_giellagas-ud-test_Case=Ess,et_ewt-ud-train_Case=Ess,et_ewt-ud-test_Case=Ess,et_ewt-ud-dev_Case=Ess,egy_ujaen-ud-test_Case=Ess,olo_kkpp-ud-test_Case=Ess,olo_kkpp-ud-train_Case=Ess,vep_vwt-ud-test_Case=Ess,fi_tdt-ud-train_Case=Ess,fi_tdt-ud-test_Case=Ess,fi_tdt-ud-dev_Case=Ess,fi_pud-ud-test_Case=Ess,et_edt-ud-dev_Case=Ess,et_edt-ud-train_Case=Ess,et_edt-ud-test_Case=Ess,sme_giella-ud-train_Case=Ess,sme_giella-ud-test_Case=Ess,ka_glc-ud-test_Case=Ess,krl_kkpp-ud-test_Case=Ess,eu_bdt-ud-train_Case=Ess,eu_bdt-ud-test_Case=Ess,eu_bdt-ud-dev_Case=Ess,fi_ftb-ud-dev_Case=Ess,fi_ftb-ud-train_Case=Ess,fi_ftb-ud-test_Case=Ess,ab_abnc-ud-test_Case=Ess
0,hu_szeged-ud-dev_Case=Dis,2.5911938781738653,2.0575713839378698,1.7288779994743966,0.7071067811865476,0.7071067811865476,0.7071067811865476,0.7071067811865476,0.7071067811865476,0.7071067811865476,0.7071067811865476,0.7071067811865476,0.7071067811865476,0.7071067811865476,0.7071067811865476,0.7071067811865476,0.7071067811865476,0.7071067811865476,0.7071067811865476,0.7071067811865476,0.7071067811865476,0.7071067811865476,0.7071067811865476,0.7071067811865476,0.7071067811865476,0.7071067811865476,0.7071067811865476,0.7071067811865476,0.7071067811865476,0.7071067811865476,0.7071067811865476
1,hu_szeged-ud-test_Case=Dis,2.49284690951645,1.9322525714823102,1.5829800566512728,0.0,0.0,0.0,0.0,0.0,0.0,0.0,0.0,0.0,0.0,0.0,0.0,0.0,0.0,0.0,0.0,0.0,0.0,0.0,0.0,0.0,0.0,0.0,0.0,0.0,0.0,0.0
2,hu_szeged-ud-train_Case=Dis,2.49284690951645,1.9322525714823102,1.5829800566512728,0.0,0.0,0.0,0.0,0.0,0.0,0.0,0.0,0.0,0.0,0.0,0.0,0.0,0.0,0.0,0.0,0.0,0.0,0.0,0.0,0.0,0.0,0.0,0.0,0.0,0.0,0.0
