,Treebank,hu_szeged-ud-dev_Case=Tra,hu_szeged-ud-test_Case=Tra,hu_szeged-ud-train_Case=Tra,fi_ood-ud-test_Case=Tra,et_ewt-ud-train_Case=Tra,et_ewt-ud-test_Case=Tra,et_ewt-ud-dev_Case=Tra,gub_tudet-ud-test_Case=Tra,olo_kkpp-ud-test_Case=Tra,mdf_jr-ud-test_Case=Tra,vep_vwt-ud-test_Case=Tra,fi_tdt-ud-train_Case=Tra,fi_tdt-ud-test_Case=Tra,fi_tdt-ud-dev_Case=Tra,myv_jr-ud-test_Case=Tra,myv_jr-ud-train_Case=Tra,kpv_ikdp-ud-test_Case=Tra,kpv_lattice-ud-test_Case=Tra,tpn_tudet-ud-test_Case=Tra,fi_pud-ud-test_Case=Tra,et_edt-ud-dev_Case=Tra,et_edt-ud-train_Case=Tra,et_edt-ud-test_Case=Tra,krl_kkpp-ud-test_Case=Tra,fi_ftb-ud-dev_Case=Tra,fi_ftb-ud-train_Case=Tra,fi_ftb-ud-test_Case=Tra,eme_tudet-ud-test_Case=Tra,aqz_tudet-ud-test_Case=Tra
0,kpv_lattice-ud-test_Case=Apr,5.7200305943237755,5.667892024377317,5.657950158847283,6.513386015281652,6.830409196813788,6.860490254392338,7.631656930182331,5.545268253204709,5.872366974019166,6.645016930001006,6.614378277661476,6.947441078962365,7.743197052362543,7.164439964156305,7.9584406047607175,13.303758867327684,5.545268253204709,5.545268253204709,5.718081631510581,10.800883802221506,7.1813636219783765,6.9797786488520375,6.582315345363479,5.708721938651374,5.545268253204709,5.545268253204709,5.545268253204709,6.063827174318212,5.545268253204709
1,koi_uh-ud-test_Case=Apr,1.5309310892394863,1.1726039399558574,1.1235657524150513,3.451894652855358,4.0984566532751705,4.100771455544949,5.3378073681990434,0.0,1.932535608352669,3.9567979478361033,3.605551275463989,4.293306195252593,5.606948352043668,4.688197948039311,5.756060406646084,12.167168939404103,0.0,0.0,1.4281039179389805,9.375984796760866,4.6850033295982945,4.346730359605627,3.641976368707614,1.3562839573037448,0.0,0.0,0.0,2.453568829277059,0.0
