,Treebank,hu_szeged-ud-dev_Case=Sup,hu_szeged-ud-test_Case=Sup,hu_szeged-ud-train_Case=Sup,egy_ujaen-ud-test_Case=Sup
0,kmr_mg-ud-train_Case=Con,10.996303392539565,10.912707792203761,10.885079282707931,11.973930014828047
1,kmr_mg-ud-test_Case=Con,8.93520188616255,8.853966901552656,8.826710317109555,9.907268912419791
