,Treebank,fi_ood-ud-test_Case=Par,sah_yktdt-ud-test_Case=Par,sms_giellagas-ud-test_Case=Par,et_ewt-ud-train_Case=Par,et_ewt-ud-test_Case=Par,et_ewt-ud-dev_Case=Par,olo_kkpp-ud-test_Case=Par,olo_kkpp-ud-train_Case=Par,vep_vwt-ud-test_Case=Par,fi_tdt-ud-train_Case=Par,fi_tdt-ud-test_Case=Par,fi_tdt-ud-dev_Case=Par,ru_taiga-ud-train_Case=Par,ru_taiga-ud-dev_Case=Par,ru_taiga-ud-test_Case=Par,fi_pud-ud-test_Case=Par,et_edt-ud-dev_Case=Par,et_edt-ud-train_Case=Par,et_edt-ud-test_Case=Par,ru_syntagrus-ud-train_Case=Par,ru_syntagrus-ud-dev_Case=Par,ru_syntagrus-ud-test_Case=Par,ru_poetry-ud-dev_Case=Par,ru_poetry-ud-train_Case=Par,krl_kkpp-ud-test_Case=Par,eu_bdt-ud-train_Case=Par,eu_bdt-ud-test_Case=Par,eu_bdt-ud-dev_Case=Par,fi_ftb-ud-dev_Case=Par,fi_ftb-ud-train_Case=Par,fi_ftb-ud-test_Case=Par,ru_gsd-ud-dev_Case=Par,ru_gsd-ud-train_Case=Par
0,ess_sli-ud-test_Case=Per,9.663598512001265,5.304924337087403,1.3743685418725535,48.00845951223431,42.933419934187704,30.5034242157973,138.54802616982877,1.3743685418725535,1.3743685418725535,17.50239600144027,17.462577765674293,15.889415888945331,45.463049709504624,1.3743685418725535,1.3743685418725535,20.62551156101965,90.41177533689621,79.10370249758374,80.63091508473215,83.1107026133752,1.3743685418725535,1.3743685418725535,1.3743685418725535,11.20515754264774,34.046446126242905,27.888885430500007,16.50602583570282,10.075324463788975,8.203025250380948,10.109959549777603,10.38528570659193,1.3743685418725535,1.3743685418725535
1,tpn_tudet-ud-test_Case=Per,10.881208844195129,6.334035048845246,0.0,49.174596926907114,44.08588319352249,31.663385794952504,139.7390425042336,0.0,0.0,18.711198078741774,18.668674296799974,17.107076434426677,46.65833258915282,0.0,0.0,21.823579013918195,91.58649739557852,80.27025559877289,81.79242650183359,84.27039812413372,0.0,0.0,0.0,12.36931687685298,35.21696420620656,29.085810543974876,17.713271860387625,11.285692885477854,9.401034930993175,11.310617670681031,11.574769776600762,0.0,0.0
2,wbp_ufal-ud-test_Case=Per,10.881208844195129,6.334035048845246,0.0,49.174596926907114,44.08588319352249,31.663385794952504,139.7390425042336,0.0,0.0,18.711198078741774,18.668674296799974,17.107076434426677,46.65833258915282,0.0,0.0,21.823579013918195,91.58649739557852,80.27025559877289,81.79242650183359,84.27039812413372,0.0,0.0,0.0,12.36931687685298,35.21696420620656,29.085810543974876,17.713271860387625,11.285692885477854,9.401034930993175,11.310617670681031,11.574769776600762,0.0,0.0
