,Treebank,fi_ood-ud-test_Case=Abe,sms_giellagas-ud-test_Case=Abe,sms_giellagas-ud-train_Case=Abe,et_ewt-ud-train_Case=Abe,et_ewt-ud-test_Case=Abe,et_ewt-ud-dev_Case=Abe,gub_tudet-ud-test_Case=Abe,olo_kkpp-ud-test_Case=Abe,olo_kkpp-ud-train_Case=Abe,mdf_jr-ud-test_Case=Abe,fi_tdt-ud-train_Case=Abe,fi_tdt-ud-test_Case=Abe,fi_tdt-ud-dev_Case=Abe,myv_jr-ud-test_Case=Abe,myv_jr-ud-train_Case=Abe,kpv_ikdp-ud-test_Case=Abe,kpv_lattice-ud-test_Case=Abe,fi_pud-ud-test_Case=Abe,et_edt-ud-dev_Case=Abe,et_edt-ud-train_Case=Abe,et_edt-ud-test_Case=Abe,koi_uh-ud-test_Case=Abe,sme_giella-ud-train_Case=Abe,sme_giella-ud-test_Case=Abe,arr_tudet-ud-test_Case=Abe,krl_kkpp-ud-test_Case=Abe,fi_ftb-ud-dev_Case=Abe,fi_ftb-ud-train_Case=Abe,fi_ftb-ud-test_Case=Abe,ab_abnc-ud-test_Case=Abe
0,urb_tudet-ud-test_Case=Aff,23.513589451397863,22.58317958127243,22.561028345356956,22.979928144049296,24.711670657134185,22.561028345356956,21.77154105707724,22.561028345356956,22.561028345356956,22.572106680591425,25.5639177140142,24.289915602982237,22.80350850198276,22.620344824957908,22.582275874531987,22.58317958127243,22.58071940591993,22.67156809750927,22.799583058782478,22.966256238660986,22.89923579510897,22.66053838724932,22.561028345356956,22.561028345356956,22.58317958127243,22.67156809750927,22.561028345356956,22.561028345356956,22.561028345356956,22.58317958127243
1,_Case=Aff,6.6248689714505975,1.0,0.0,4.723895928549249,10.661457061146319,0.0,2.23606797749979,0.0,0.0,1.5811388300841898,12.021392967908872,9.0,3.3166247903554,1.6370705543744901,1.6350747346085137,1.0,2.6246692913372702,2.23606797749979,3.7916412290559007,4.787656304765619,4.286607049870562,2.1213203435596424,0.0,0.0,1.0,2.23606797749979,0.0,0.0,0.0,1.0
