,Treebank,mdf_jr-ud-test_Case=Prl,myv_jr-ud-test_Case=Prl,myv_jr-ud-train_Case=Prl,kpv_ikdp-ud-test_Case=Prl,kpv_lattice-ud-test_Case=Prl,koi_uh-ud-test_Case=Prl
0,hu_szeged-ud-dev_Case=Cau,14.45058630106213,14.242413916421144,14.230669931572187,15.652475842498529,13.658788379647735,14.89966442575134
1,hu_szeged-ud-test_Case=Cau,20.093185688464413,19.885413938361957,19.875313726671354,21.283796653792763,19.301878146957616,20.54263858417414
2,hu_szeged-ud-train_Case=Cau,18.358316311083044,18.112280019368075,18.124009176692574,19.697715603592208,17.551709318468102,18.841443681416774
3,egy_ujaen-ud-test_Case=Cau,1.5229722402080887,1.7831678272108882,1.7493866919943548,0.0,2.358495283014151,1.0
4,mdf_jr-ud-test_Case=Cau,1.5229722402080887,1.7831678272108882,1.7493866919943548,0.0,2.358495283014151,1.0
5,wbp_ufal-ud-test_Case=Cau,1.5229722402080887,1.7831678272108882,1.7493866919943548,0.0,2.358495283014151,1.0
6,eu_bdt-ud-train_Case=Cau,1.5229722402080887,1.7831678272108882,1.7493866919943548,0.0,2.358495283014151,1.0
7,eu_bdt-ud-test_Case=Cau,1.5229722402080887,1.7831678272108882,1.7493866919943548,0.0,2.358495283014151,1.0
8,eu_bdt-ud-dev_Case=Cau,1.5229722402080887,1.7831678272108882,1.7493866919943548,0.0,2.358495283014151,1.0
