,Treebank,hu_szeged-ud-dev_Case=Del,hu_szeged-ud-test_Case=Del,hu_szeged-ud-train_Case=Del
0,hu_szeged-ud-dev_Case=Sup,0.22716874433915898,0.07460601551439852,0.21095459408700318
1,hu_szeged-ud-test_Case=Sup,0.13176156917368242,0.09882002374070849,0.1178511301977579
2,hu_szeged-ud-train_Case=Sup,0.12097252440587138,0.12521156997990343,0.09707963934048928
3,egy_ujaen-ud-test_Case=Sup,1.259531560972737,1.08869426309121,1.2452843148017878
