,Treebank,et_ewt-ud-train_Case=Add,et_ewt-ud-test_Case=Add,et_ewt-ud-dev_Case=Add,et_edt-ud-dev_Case=Add,et_edt-ud-train_Case=Add,et_edt-ud-test_Case=Add
0,hu_szeged-ud-dev_Case=Sbl,0.19817429907882927,0.19787237569707633,0.19284589328280488,0.16589840999058,0.15200211170391117,0.15634854803346665
1,hu_szeged-ud-test_Case=Sbl,0.12450748349631786,0.12683169730466942,0.12585857411711165,0.13736428503471335,0.1404189723502544,0.1663536353386051
2,hu_szeged-ud-train_Case=Sbl,0.1447385798750845,0.14708224980849033,0.14154230530297424,0.13757396618143103,0.13331467025382465,0.15265596635259518
