,Treebank,kpv_ikdp-ud-test_Case=Egr,kpv_lattice-ud-test_Case=Egr,kpv_lattice-ud-train_Case=Egr,koi_uh-ud-train_Case=Egr,koi_uh-ud-test_Case=Egr
0,hu_szeged-ud-dev_Case=Cau,12.24744871391589,9.72111104761179,15.652475842498529,15.652475842498529,15.652475842498529
1,hu_szeged-ud-test_Case=Cau,17.832554500127006,14.64581851587681,21.283796653792763,21.283796653792763,21.283796653792763
2,hu_szeged-ud-train_Case=Cau,15.968719422671311,12.020815280171307,19.697715603592208,19.697715603592208,19.697715603592208
3,egy_ujaen-ud-test_Case=Cau,4.58257569495584,10.36822067666386,0.0,0.0,0.0
4,mdf_jr-ud-test_Case=Cau,4.58257569495584,10.36822067666386,0.0,0.0,0.0
5,wbp_ufal-ud-test_Case=Cau,4.58257569495584,10.36822067666386,0.0,0.0,0.0
6,eu_bdt-ud-train_Case=Cau,4.58257569495584,10.36822067666386,0.0,0.0,0.0
7,eu_bdt-ud-test_Case=Cau,4.58257569495584,10.36822067666386,0.0,0.0,0.0
8,eu_bdt-ud-dev_Case=Cau,4.58257569495584,10.36822067666386,0.0,0.0,0.0
