,Treebank,hu_szeged-ud-dev_Case=Dis,hu_szeged-ud-test_Case=Dis,hu_szeged-ud-train_Case=Dis
0,et_ewt-ud-train_Case=Add,1.3102994912070614,1.1031249959354035,1.1031249959354035
1,et_ewt-ud-test_Case=Add,1.3052932926534653,1.0971739059265513,1.0971739059265513
2,et_ewt-ud-dev_Case=Add,1.3187161732833235,1.1131093143438395,1.1131093143438395
3,et_edt-ud-dev_Case=Add,1.390234160279542,1.1993603737502958,1.1993603737502958
4,et_edt-ud-train_Case=Add,1.4154935405993014,1.2279528687939976,1.2279528687939976
5,et_edt-ud-test_Case=Add,1.4525311023727228,1.2709256503688648,1.2709256503688648
