,Treebank,hu_szeged-ud-dev_Case=Cau,hu_szeged-ud-test_Case=Cau,hu_szeged-ud-train_Case=Cau,egy_ujaen-ud-test_Case=Cau,mdf_jr-ud-test_Case=Cau,wbp_ufal-ud-test_Case=Cau,eu_bdt-ud-train_Case=Cau,eu_bdt-ud-test_Case=Cau,eu_bdt-ud-dev_Case=Cau
0,ml_ufal-ud-test_Case=Ben,14.89966442575134,20.54263858417414,18.841443681416774,1.0,1.0,1.0,1.0,1.0,1.0
1,egy_ujaen-ud-test_Case=Ben,15.652475842498529,21.283796653792763,19.697715603592208,0.0,0.0,0.0,0.0,0.0,0.0
2,si_stb-ud-test_Case=Ben,15.652475842498529,21.283796653792763,19.697715603592208,0.0,0.0,0.0,0.0,0.0,0.0
3,ta_mwtt-ud-test_Case=Ben,14.89966442575134,20.54263858417414,18.841443681416774,1.0,1.0,1.0,1.0,1.0,1.0
4,eu_bdt-ud-train_Case=Ben,14.713643587982034,20.358279927401007,18.6193926814126,1.2595815691740142,1.2595815691740142,1.2595815691740142,1.2595815691740142,1.2595815691740142,1.2595815691740142
5,eu_bdt-ud-test_Case=Ben,14.496274532052778,20.141934635585468,18.370501044935473,1.573311362056255,1.573311362056255,1.573311362056255,1.573311362056255,1.573311362056255,1.573311362056255
6,eu_bdt-ud-dev_Case=Ben,14.599616054106889,20.244867776310045,18.46702850673362,1.425181345833614,1.425181345833614,1.425181345833614,1.425181345833614,1.425181345833614,1.425181345833614
7,am_att-ud-test_Case=Ben,15.652475842498529,21.283796653792763,19.697715603592208,0.0,0.0,0.0,0.0,0.0,0.0
8,ab_abnc-ud-test_Case=Ben,14.89966442575134,20.54263858417414,18.841443681416774,1.0,1.0,1.0,1.0,1.0,1.0
