,Treebank,hu_szeged-ud-dev_Case=Sbl,hu_szeged-ud-test_Case=Sbl,hu_szeged-ud-train_Case=Sbl
0,gub_tudet-ud-test_Case=Ref,0.36524710044619363,0.37825519259148327,0.36838868793020346
1,tpn_tudet-ud-test_Case=Ref,1.2622811750152136,1.1840852064015472,1.2136052062629963
2,gn_oldtudet-ud-test_Case=Ref,1.2622811750152136,1.1840852064015472,1.2136052062629963
3,eme_tudet-ud-test_Case=Ref,1.2622811750152136,1.1840852064015472,1.2136052062629963
