,Treebank,hu_szeged-ud-dev_Case=Cau,hu_szeged-ud-test_Case=Cau,hu_szeged-ud-train_Case=Cau,egy_ujaen-ud-test_Case=Cau,mdf_jr-ud-test_Case=Cau,wbp_ufal-ud-test_Case=Cau,eu_bdt-ud-train_Case=Cau,eu_bdt-ud-test_Case=Cau,eu_bdt-ud-dev_Case=Cau
0,kpv_ikdp-ud-test_Case=Adp,14.65908895153068,20.30325644378808,18.56220772310114,1.3743685418725535,1.3743685418725535,1.3743685418725535,1.3743685418725535,1.3743685418725535,1.3743685418725535
1,kpv_lattice-ud-test_Case=Adp,14.535817830449032,20.176471445721127,18.41168107479597,1.5132745950421556,1.5132745950421556,1.5132745950421556,1.5132745950421556,1.5132745950421556,1.5132745950421556
