,Treebank,hu_szeged-ud-dev_Case=Cau,hu_szeged-ud-test_Case=Cau,hu_szeged-ud-train_Case=Cau,egy_ujaen-ud-test_Case=Cau,mdf_jr-ud-test_Case=Cau,wbp_ufal-ud-test_Case=Cau,eu_bdt-ud-train_Case=Cau,eu_bdt-ud-test_Case=Cau,eu_bdt-ud-dev_Case=Cau
0,hu_szeged-ud-dev_Case=Dis,15.636495771111889,21.295539439046856,19.697715603592208,0.7071067811865476,0.7071067811865476,0.7071067811865476,0.7071067811865476,0.7071067811865476,0.7071067811865476
1,hu_szeged-ud-test_Case=Dis,15.652475842498529,21.283796653792763,19.697715603592208,0.0,0.0,0.0,0.0,0.0,0.0
2,hu_szeged-ud-train_Case=Dis,15.652475842498529,21.283796653792763,19.697715603592208,0.0,0.0,0.0,0.0,0.0,0.0
