,Treebank,hu_szeged-ud-dev_Case=Cau,hu_szeged-ud-test_Case=Cau,hu_szeged-ud-train_Case=Cau,egy_ujaen-ud-test_Case=Cau,mdf_jr-ud-test_Case=Cau,wbp_ufal-ud-test_Case=Cau,eu_bdt-ud-train_Case=Cau,eu_bdt-ud-test_Case=Cau,eu_bdt-ud-dev_Case=Cau
0,hu_szeged-ud-dev_Case=Cau,0.0,5.830951894845301,6.6332495807108,15.652475842498529,15.652475842498529,15.652475842498529,15.652475842498529,15.652475842498529,15.652475842498529
1,hu_szeged-ud-test_Case=Cau,5.830951894845301,0.0,6.6332495807108,21.283796653792763,21.283796653792763,21.283796653792763,21.283796653792763,21.283796653792763,21.283796653792763
2,hu_szeged-ud-train_Case=Cau,6.6332495807108,6.6332495807108,0.0,19.697715603592208,19.697715603592208,19.697715603592208,19.697715603592208,19.697715603592208,19.697715603592208
3,egy_ujaen-ud-test_Case=Cau,15.652475842498529,21.283796653792763,19.697715603592208,0.0,0.0,0.0,0.0,0.0,0.0
4,mdf_jr-ud-test_Case=Cau,15.652475842498529,21.283796653792763,19.697715603592208,0.0,0.0,0.0,0.0,0.0,0.0
5,wbp_ufal-ud-test_Case=Cau,15.652475842498529,21.283796653792763,19.697715603592208,0.0,0.0,0.0,0.0,0.0,0.0
6,eu_bdt-ud-train_Case=Cau,15.652475842498529,21.283796653792763,19.697715603592208,0.0,0.0,0.0,0.0,0.0,0.0
7,eu_bdt-ud-test_Case=Cau,15.652475842498529,21.283796653792763,19.697715603592208,0.0,0.0,0.0,0.0,0.0,0.0
8,eu_bdt-ud-dev_Case=Cau,15.652475842498529,21.283796653792763,19.697715603592208,0.0,0.0,0.0,0.0,0.0,0.0
