,Treebank,hu_szeged-ud-dev_Case=Sup,hu_szeged-ud-test_Case=Sup,hu_szeged-ud-train_Case=Sup,egy_ujaen-ud-test_Case=Sup
0,urb_tudet-ud-test_Case=Aff,22.586553166717383,22.590951291322675,22.59260366722972,22.561028345356956
1,_Case=Aff,1.0734914778194846,1.1623597751615378,1.1940437448107284,0.0
