,Treebank,hi_pud-ud-test_Case=Erg,ess_sli-ud-test_Case=Erg,mr_ufal-ud-dev_Case=Erg,mr_ufal-ud-test_Case=Erg,mr_ufal-ud-train_Case=Erg,wbp_ufal-ud-test_Case=Erg,ka_glc-ud-test_Case=Erg,eu_bdt-ud-train_Case=Erg,eu_bdt-ud-test_Case=Erg,eu_bdt-ud-dev_Case=Erg,gu_gujtb-ud-test_Case=Erg
0,hu_szeged-ud-dev_Case=Cau,14.89966442575134,15.652475842498529,15.652475842498529,15.652475842498529,15.652475842498529,15.652475842498529,15.652475842498529,15.652475842498529,15.652475842498529,15.652475842498529,15.652475842498529
1,hu_szeged-ud-test_Case=Cau,20.54263858417414,21.283796653792763,21.283796653792763,21.283796653792763,21.283796653792763,21.283796653792763,21.283796653792763,21.283796653792763,21.283796653792763,21.283796653792763,21.283796653792763
2,hu_szeged-ud-train_Case=Cau,18.841443681416774,19.697715603592208,19.697715603592208,19.697715603592208,19.697715603592208,19.697715603592208,19.697715603592208,19.697715603592208,19.697715603592208,19.697715603592208,19.697715603592208
3,egy_ujaen-ud-test_Case=Cau,1.0,0.0,0.0,0.0,0.0,0.0,0.0,0.0,0.0,0.0,0.0
4,mdf_jr-ud-test_Case=Cau,1.0,0.0,0.0,0.0,0.0,0.0,0.0,0.0,0.0,0.0,0.0
5,wbp_ufal-ud-test_Case=Cau,1.0,0.0,0.0,0.0,0.0,0.0,0.0,0.0,0.0,0.0,0.0
6,eu_bdt-ud-train_Case=Cau,1.0,0.0,0.0,0.0,0.0,0.0,0.0,0.0,0.0,0.0,0.0
7,eu_bdt-ud-test_Case=Cau,1.0,0.0,0.0,0.0,0.0,0.0,0.0,0.0,0.0,0.0,0.0
8,eu_bdt-ud-dev_Case=Cau,1.0,0.0,0.0,0.0,0.0,0.0,0.0,0.0,0.0,0.0,0.0
