,Treebank,hu_szeged-ud-dev_Case=Sbl,hu_szeged-ud-test_Case=Sbl,hu_szeged-ud-train_Case=Sbl
0,hu_szeged-ud-dev_Case=Cau,14.712369587563957,14.767235039381944,14.745802496141241
1,hu_szeged-ud-test_Case=Cau,20.35699651847418,20.4114580979849,20.389731000667847
2,hu_szeged-ud-train_Case=Cau,18.602855210473795,18.678215706714205,18.650564852142836
3,egy_ujaen-ud-test_Case=Cau,1.2622811750152136,1.1840852064015472,1.2136052062629963
4,mdf_jr-ud-test_Case=Cau,1.2622811750152136,1.1840852064015472,1.2136052062629963
5,wbp_ufal-ud-test_Case=Cau,1.2622811750152136,1.1840852064015472,1.2136052062629963
6,eu_bdt-ud-train_Case=Cau,1.2622811750152136,1.1840852064015472,1.2136052062629963
7,eu_bdt-ud-test_Case=Cau,1.2622811750152136,1.1840852064015472,1.2136052062629963
8,eu_bdt-ud-dev_Case=Cau,1.2622811750152136,1.1840852064015472,1.2136052062629963
