,Treebank,hu_szeged-ud-dev_Case=Ter,hu_szeged-ud-test_Case=Ter,hu_szeged-ud-train_Case=Ter,et_ewt-ud-train_Case=Ter,et_ewt-ud-test_Case=Ter,et_ewt-ud-dev_Case=Ter,olo_kkpp-ud-test_Case=Ter,vep_vwt-ud-test_Case=Ter,kpv_ikdp-ud-test_Case=Ter,kpv_lattice-ud-test_Case=Ter,et_edt-ud-dev_Case=Ter,et_edt-ud-train_Case=Ter,et_edt-ud-test_Case=Ter,ab_abnc-ud-test_Case=Ter,gu_gujtb-ud-test_Case=Ter
0,hu_szeged-ud-dev_Case=Dis,1.6311020284336886,1.224744871391589,1.3320306135954818,1.6324827717314507,1.4577379737113252,1.407124727947029,2.345207879911715,1.224744871391589,2.345207879911715,3.5036424195516345,1.3634929534370435,1.4152888362906442,1.4420183818808732,1.224744871391589,1.224744871391589
1,hu_szeged-ud-test_Case=Dis,1.469861839480328,1.0,1.1288514320120056,1.4713938969562161,1.2747548783981961,1.2165525060596438,2.23606797749979,1.0,2.23606797749979,3.431546328418375,1.1658100334413286,1.2325679372360732,1.2567485880964147,1.0,1.0
2,hu_szeged-ud-train_Case=Dis,1.469861839480328,1.0,1.1288514320120056,1.4713938969562161,1.2747548783981961,1.2165525060596438,2.23606797749979,1.0,2.23606797749979,3.431546328418375,1.1658100334413286,1.2325679372360732,1.2567485880964147,1.0,1.0
