,kmr_mg-ud-train_Case=Con,kmr_mg-ud-test_Case=Con
0,1.0,0.9908371957941314
1,0.9908371957941314,0.9999999999999997
