,et_ewt-ud-train_Case=Add,et_ewt-ud-test_Case=Add,et_ewt-ud-dev_Case=Add,et_edt-ud-dev_Case=Add,et_edt-ud-train_Case=Add,et_edt-ud-test_Case=Add
0,1.0,0.9997733670234733,0.9994216496294775,0.9979279780028717,0.998290652857368,0.9978796894471014
1,0.9997733670234733,1.0,0.9995297192092283,0.9984110890329218,0.9987093473266032,0.9983151126936037
2,0.9994216496294775,0.9995297192092283,0.9999999999999999,0.9976908981291885,0.997803627841208,0.9973504605227141
3,0.9979279780028717,0.9984110890329218,0.9976908981291885,1.0000000000000002,0.9996753293536976,0.9994094463691215
4,0.998290652857368,0.9987093473266032,0.997803627841208,0.9996753293536976,1.0000000000000002,0.9999037590658204
5,0.9978796894471014,0.9983151126936037,0.9973504605227141,0.9994094463691215,0.9999037590658204,1.0
