,kpv_lattice-ud-test_Case=Apr,koi_uh-ud-test_Case=Apr
0,0.9999999999999998,0.9016696346674322
1,0.9016696346674322,1.0
