,hu_szeged-ud-dev_Case=Del,hu_szeged-ud-test_Case=Del,hu_szeged-ud-train_Case=Del
0,0.9999999999999999,0.995252135016679,0.9991423087164417
1,0.995252135016679,1.0,0.9955033887326791
2,0.9991423087164417,0.9955033887326791,0.9999999999999999
