,hu_szeged-ud-dev_Case=Sbl,hu_szeged-ud-test_Case=Sbl,hu_szeged-ud-train_Case=Sbl
0,0.9999999999999998,0.9988034587555337,0.9991511880876307
1,0.9988034587555337,0.9999999999999999,0.9998435075858659
2,0.9991511880876307,0.9998435075858659,0.9999999999999999
