,si_stb-ud-test_Case=Cns,kpv_lattice-ud-test_Case=Cns,wbp_ufal-ud-test_Case=Cns
0,1.0,0.8728715609439696,0.8728715609439696
1,0.8728715609439696,1.0,1.0
2,0.8728715609439696,1.0,1.0
