,kpv_ikdp-ud-test_Case=Egr,kpv_lattice-ud-test_Case=Egr,kpv_lattice-ud-train_Case=Egr,koi_uh-ud-train_Case=Egr,koi_uh-ud-test_Case=Egr
0,1.0000000000000002,0.873442293254469,0.7715167498104596,0.6172133998483676,0.761904761904762
1,0.873442293254469,1.0000000000000002,0.7501937734175209,0.6478946224969498,0.8944890955015646
2,0.7715167498104596,0.7501937734175209,0.9999999999999998,0.4999999999999999,0.6172133998483676
3,0.6172133998483676,0.6478946224969498,0.4999999999999999,0.9999999999999998,0.6172133998483676
4,0.761904761904762,0.8944890955015646,0.6172133998483676,0.6172133998483676,1.0000000000000002
