,ml_ufal-ud-test_Case=Ben,egy_ujaen-ud-test_Case=Ben,si_stb-ud-test_Case=Ben,ta_mwtt-ud-test_Case=Ben,eu_bdt-ud-train_Case=Ben,eu_bdt-ud-test_Case=Ben,eu_bdt-ud-dev_Case=Ben,am_att-ud-test_Case=Ben,ab_abnc-ud-test_Case=Ben
0,1.0,0.7095077181177639,0.7071067811865475,1.0,0.9955435079846068,0.9887143721650281,0.9905860120955953,0.8155071447352175,1.0
1,0.7095077181177639,0.9999999999999999,0.5016977187852643,0.7095077181177639,0.7063458026371122,0.7015004780650467,0.7028284210413215,0.9864407103950207,0.7095077181177639
2,0.7071067811865475,0.5016977187852643,0.9999999999999998,0.7071067811865475,0.7039555654621592,0.6991266372144912,0.7004500865013348,0.5766506321483515,0.7071067811865475
3,1.0,0.7095077181177639,0.7071067811865475,1.0,0.9955435079846068,0.9887143721650281,0.9905860120955953,0.8155071447352175,1.0
4,0.9955435079846068,0.7063458026371122,0.7039555654621592,0.9955435079846068,0.9999999999999998,0.9949878291557385,0.9944935955808832,0.8118728436562088,0.9955435079846068
5,0.9887143721650281,0.7015004780650467,0.6991266372144912,0.9887143721650281,0.9949878291557385,1.0,0.9881513290515604,0.8063036346029753,0.9887143721650281
6,0.9905860120955953,0.7028284210413215,0.7004500865013348,0.9905860120955953,0.9944935955808832,0.9881513290515604,1.0,0.8078299703387245,0.9905860120955953
7,0.8155071447352175,0.9864407103950207,0.5766506321483515,0.8155071447352175,0.8118728436562088,0.8063036346029753,0.8078299703387245,1.0,0.8155071447352175
8,1.0,0.7095077181177639,0.7071067811865475,1.0,0.9955435079846068,0.9887143721650281,0.9905860120955953,0.8155071447352175,1.0
