,mdf_jr-ud-test_Case=Prl,myv_jr-ud-test_Case=Prl,myv_jr-ud-train_Case=Prl,kpv_ikdp-ud-test_Case=Prl,kpv_lattice-ud-test_Case=Prl,koi_uh-ud-test_Case=Prl
0,0.9999999999999999,0.9966425497834651,0.9948467128162586,0.7544776517207834,0.986008558591433,0.984916179296249
1,0.9966425497834651,0.9999999999999999,0.9974704109500026,0.7600451155481347,0.9882673120381279,0.9813994921258942
2,0.9948467128162586,0.9974704109500026,1.0000000000000002,0.7823277588091402,0.9929358625851646,0.977301031943803
3,0.7544776517207834,0.7600451155481347,0.7823277588091402,0.9999999999999998,0.8244848578954476,0.7071067811865475
4,0.986008558591433,0.9882673120381279,0.9929358625851646,0.8244848578954476,1.0000000000000002,0.953998092005724
5,0.984916179296249,0.9813994921258942,0.977301031943803,0.7071067811865475,0.953998092005724,1.0
