,hu_szeged-ud-dev_Case=Cau,hu_szeged-ud-test_Case=Cau,hu_szeged-ud-train_Case=Cau,egy_ujaen-ud-test_Case=Cau,mdf_jr-ud-test_Case=Cau,wbp_ufal-ud-test_Case=Cau,eu_bdt-ud-train_Case=Cau,eu_bdt-ud-test_Case=Cau,eu_bdt-ud-dev_Case=Cau
0,0.9999999999999999,0.9965657116075795,0.9551825814673157,0.5554573448642867,0.7458465196951776,0.9938586931957762,0.9257132599937903,0.9570217490192678,0.9738154878202946
1,0.9965657116075795,1.0,0.9505246018539765,0.5446573787844255,0.7341576096830887,0.9966832412776431,0.9196578776932576,0.9525993433259518,0.970921721930406
2,0.9551825814673157,0.9505246018539765,1.0000000000000002,0.6252958820154516,0.8160679570612173,0.9333456062030596,0.9527353161026273,0.9797838939434288,0.9688130031623498
3,0.5554573448642867,0.5446573787844255,0.6252958820154516,1.0,0.8978850774989108,0.5123155195785599,0.6446221517511774,0.6309993513733841,0.6111104976336188
4,0.7458465196951776,0.7341576096830887,0.8160679570612173,0.8978850774989108,1.0000000000000002,0.6985006985010478,0.8526375102305828,0.8352890976213408,0.8115580965730935
5,0.9938586931957762,0.9966832412776431,0.9333456062030596,0.5123155195785599,0.6985006985010478,0.9999999999999998,0.8987516023070192,0.9360628142560785,0.9585322263951862
6,0.9257132599937903,0.9196578776932576,0.9527353161026273,0.6446221517511774,0.8526375102305828,0.8987516023070192,1.0,0.9905058702548732,0.9786439772452283
7,0.9570217490192678,0.9525993433259518,0.9797838939434288,0.6309993513733841,0.8352890976213408,0.9360628142560785,0.9905058702548732,1.0000000000000002,0.9853968942895329
8,0.9738154878202946,0.970921721930406,0.9688130031623498,0.6111104976336188,0.8115580965730935,0.9585322263951862,0.9786439772452283,0.9853968942895329,0.9999999999999999
