,hu_szeged-ud-dev_Case=Sup,hu_szeged-ud-test_Case=Sup,hu_szeged-ud-train_Case=Sup,egy_ujaen-ud-test_Case=Sup
0,1.0,0.9988728001188538,0.9985971780959314,0.9854495971858841
1,0.9988728001188538,1.0,0.9994302326346647,0.9841556614208651
2,0.9985971780959314,0.9994302326346647,0.9999999999999998,0.983287521332037
3,0.9854495971858841,0.9841556614208651,0.983287521332037,1.0
