,gub_tudet-ud-test_Case=Ref,tpn_tudet-ud-test_Case=Ref,gn_oldtudet-ud-test_Case=Ref,eme_tudet-ud-test_Case=Ref
0,1.0,0.901831486472923,0.8767140075192092,0.9155966933403287
1,0.901831486472923,0.9999999999999997,0.9439295732969071,0.9463787341788956
2,0.8767140075192092,0.9439295732969071,0.9999999999999998,0.9575549074957919
3,0.9155966933403287,0.9463787341788956,0.9575549074957919,1.0000000000000002
