,ess_sli-ud-test_Case=Per,tpn_tudet-ud-test_Case=Per,wbp_ufal-ud-test_Case=Per
0,1.0,0.84905896521267,0.9701425001453319
1,0.84905896521267,1.0,0.8751899489873673
2,0.9701425001453319,0.8751899489873673,1.0
